Workbook

Sheet CP Tracker Dashboard
A1: Project_Number | B1: CP | C1: Conv Length | D1: Elec Device Count | E1: Mech Install | F1: Elect Install | G1: Path to Run-In | H1: Mech Finishing | I1: As of 6/17/26
A2: B-24-04663 | B2: Total | C2: 641306 | D2: 4951 | E2: 0.027684751 | F2: 0.029549586 | G2: 0.0040651421 | H2: 0
A3: B-24-04663 | B3: CP01 | C3: 28436 | D3: 296 | E3: 0 | F3: 0.02 | G3: 0 | H3: 0
A4: B-24-04663 | B4: CP02 | C4: 41164 | D4: 273 | E4: 0 | F4: 0.02 | G4: 0 | H4: 0
A5: B-24-04663 | B5: CP03 | C5: 37242 | D5: 500 | E5: 0 | F5: 0 | G5: 0 | H5: 0
A6: B-24-04663 | B6: CP09 | C6: 81148 | D6: 150 | E6: 0 | F6: 0.06 | G6: 0 | H6: 0
A7: B-24-04663 | B7: CP11 | C7: 22899 | D7: 175 | E7: 0 | F7: 0.02 | G7: 0 | H7: 0
A8: B-24-04663 | B8: CP40 | C8: 40657 | D8: 496 | E8: 0.24225184 | F8: 0.061814516 | G8: 0 | H8: 0
A9: B-24-04663 | B9: CP41 | C9: 19594 | D9: 425 | E9: 0 | F9: 0.091882353 | G9: 0 | H9: 0
A10: B-24-04663 | B10: CP42 | C10: 14789 | D10: 222 | E10: 0.29523984 | F10: 0.12662162 | G10: 0.17627967 | H10: 0
A11: B-24-04663 | B11: CP50 | C11: 48427 | D11: 500 | E11: 0.073076218 | F11: 0.062 | G11: 0 | H11: 0
A12: B-24-04663 | B12: CP51 | C12: 73424 | D12: 500 | E12: 0 | F12: 0 | G12: 0 | H12: 0
A13: B-24-04663 | B13: CP52 | C13: 148635 | D13: 500 | E13: 0 | F13: 0 | G13: 0 | H13: 0
... A16: B-24-04663 | B16: CP91 | C16: 24847 | D16: 268 | E16: 0 | F16: 0.02 | G16: 0 | H16: 0
A17: Total | C17: 641306 | D17: 4951 | E17: 0.027684751 | F17: 0.036 | G17: 0.0040651421 | H17: 0

Sheet CP40 (2)
A1: CP | B1: Asset | C1: Length | D1: Task Name | E1: Start | F1: Finish | G1: Status | H1: % Complete
A2: CP40 | B2: 40255 | C2: 1 | D2: Staging & Prep | E2: 46146 | F2: 46157 | G2: Complete | H2: 1
A3: CP40 | B3: 40355 | C3: 1 | D3: Staging & Prep | E3: 46146 | F3: 46157 | G3: Complete | H3: 1
A4: CP40 | B4: 40230 | C4: 198 | D4: Staging & Prep | E4: 46146 | F4: 46157 | G4: Complete | H4: 1
A5: CP40 | B5: 40330 | C5: 198 | D5: Staging & Prep | E5: 46146 | F5: 46157 | G5: Complete | H5: 1
A6: CP40 | B6: 40405 | C6: 1 | D6: Staging & Prep | E6: 46146 | F6: 46157 | G6: Complete | H6: 1
A7: CP40 | B7: 40605 | C7: 1 | D7: Staging & Prep | E7: 46146 | F7: 46157 | G7: Not Started | H7: 0
A8: CP40 | B8: 40005 | C8: 1 | D8: Staging & Prep | E8: 46146 | F8: 46157 | G8: Not Started | H8: 0
A9: CP40 | B9: 40010 | C9: 1 | D9: Staging & Prep | E9: 46146 | F9: 46157 | G9: Not Started | H9: 0
A10: CP40 | B10: 40015 | C10: 1 | D10: Staging & Prep | E10: 46146 | F10: 46157 | G10: Not Started | H10: 0
A11: CP40 | B11: 40020 | C11: 1 | D11: Staging & Prep | E11: 46146 | F11: 46157 | G11: Not Started | H11: 0
A12: CP40 | B12: 40025 | C12: 1 | D12: Staging & Prep | E12: 46146 | F12: 46157 | G12: Not Started | H12: 0
A13: CP40 | B13: 40030 | C13: 1 | D13: Staging & Prep | E13: 46146 | F13: 46157 | G13: Not Started | H13: 0
... A35: CP40 | B35: 40320 | C35: 1 | D35: Staging & Prep | E35: 46146 | F35: 46157 | G35: Not Started | H35: 0
A36: CP40 | B36: 40325 | C36: ` | D36: Staging & Prep | E36: 46146 | F36: 46157 | G36: Not Started | H36: 0
A37: CP40 | B37: 40335 | C37: 1 | D37: Staging & Prep | E37: 46146 | F37: 46157 | G37: Not Started | H37: 0
A38: CP40 | B38: 40345 | C38: 1 | D38: Staging & Prep | E38: 46146 | F38: 46157 | G38: Not Started | H38: 0
A39: CP40 | B39: 40348 | C39: 1 | D39: Staging & Prep | E39: 46146 | F39: 46157 | G39: Not Started | H39: 0
A40: CP40 | B40: 40350 | C40: 1 | D40: Staging & Prep | E40: 46146 | F40: 46157 | G40: Not Started | H40: 0
A41: CP40 | B41: 40410 | C41: 1 | D41: Staging & Prep | E41: 46146 | F41: 46157 | G41: Not Started | H41: 0
A42: CP40 | B42: 40415 | C42: 1 | D42: Staging & Prep | E42: 46146 | F42: 46157 | G42: Not Started | H42: 0
A43: CP40 | B43: 40420 | C43: 1 | D43: Staging & Prep | E43: 46146 | F43: 46157 | G43: Not Started | H43: 0
A44: CP40 | B44: 40425 | C44: 1 | D44: Staging & Prep | E44: 46146 | F44: 46157 | G44: Not Started | H44: 0
A45: CP40 | B45: 40430 | C45: 1 | D45: Staging & Prep | E45: 46146 | F45: 46157 | G45: Not Started | H45: 0
A46: CP40 | B46: 40610 | C46: 1 | D46: Staging & Prep | E46: 46146 | F46: 46157 | G46: Not Started | H46: 0
A47: CP40 | B47: 40615 | C47: 1 | D47: Staging & Prep | E47: 46146 | F47: 46157 | G47: Not Started | H47: 0
A48: CP40 | B48: 40620 | C48: 1 | D48: Staging & Prep | E48: 46146 | F48: 46157 | G48: Not Started | H48: 0
... A159: CP40 | B159: 40320 | C159: 1 | D159: Anchored & Leveled | E159: 46170 | F159: 46183 | G159: Not Started | H159: 0
A160: CP40 | B160: 40325 | C160: ` | D160: Anchored & Leveled | E160: 46170 | F160: 46183 | G160: Not Started | H160: 0
A161: CP40 | B161: 40335 | C161: 1 | D161: Anchored & Leveled | E161: 46170 | F161: 46183 | G161: Not Started | H161: 0
A162: CP40 | B162: 40345 | C162: 1 | D162: Anchored & Leveled | E162: 46170 | F162: 46183 | G162: Not Started | H162: 0
A163: CP40 | B163: 40348 | C163: 1 | D163: Anchored & Leveled | E163: 46170 | F163: 46183 | G163: Not Started | H163: 0
A164: CP40 | B164: 40350 | C164: 1 | D164: Anchored & Leveled | E164: 46170 | F164: 46183 | G164: Not Started | H164: 0
A165: CP40 | B165: 40410 | C165: 1 | D165: Anchored & Leveled | E165: 46170 | F165: 46183 | G165: Not Started | H165: 0
A166: CP40 | B166: 40415 | C166: 1 | D166: Anchored & Leveled | E166: 46170 | F166: 46183 | G166: Not Started | H166: 0
A167: CP40 | B167: 40420 | C167: 1 | D167: Anchored & Leveled | E167: 46170 | F167: 46183 | G167: Not Started | H167: 0
A168: CP40 | B168: 40425 | C168: 1 | D168: Anchored & Leveled | E168: 46170 | F168: 46183 | G168: Not Started | H168: 0
A169: CP40 | B169: 40430 | C169: 1 | D169: Anchored & Leveled | E169: 46170 | F169: 46183 | G169: Not Started | H169: 0
A170: CP40 | B170: 40610 | C170: 1 | D170: Anchored & Leveled | E170: 46170 | F170: 46183 | G170: Not Started | H170: 0
A171: CP40 | B171: 40615 | C171: 1 | D171: Anchored & Leveled | E171: 46170 | F171: 46183 | G171: Not Started | H171: 0
A172: CP40 | B172: 40620 | C172: 1 | D172: Anchored & Leveled | E172: 46170 | F172: 46183 | G172: Not Started | H172: 0
... A283: CP40 | B283: 40320 | C283: 1 | D283: Belting | E283: 46198 | F283: 46207 | G283: Not Started | H283: 0
A284: CP40 | B284: 40325 | C284: ` | D284: Belting | E284: 46198 | F284: 46207 | G284: Not Started | H284: 0
A285: CP40 | B285: 40335 | C285: 1 | D285: Belting | E285: 46198 | F285: 46207 | G285: Not Started | H285: 0
A286: CP40 | B286: 40345 | C286: 1 | D286: Belting | E286: 46198 | F286: 46207 | G286: Not Started | H286: 0
A287: CP40 | B287: 40348 | C287: 1 | D287: Belting | E287: 46198 | F287: 46207 | G287: Not Started | H287: 0
A288: CP40 | B288: 40350 | C288: 1 | D288: Belting | E288: 46198 | F288: 46207 | G288: Not Started | H288: 0
A289: CP40 | B289: 40410 | C289: 1 | D289: Belting | E289: 46198 | F289: 46207 | G289: Not Started | H289: 0
A290: CP40 | B290: 40415 | C290: 1 | D290: Belting | E290: 46198 | F290: 46207 | G290: Not Started | H290: 0
A291: CP40 | B291: 40420 | C291: 1 | D291: Belting | E291: 46198 | F291: 46207 | G291: Not Started | H291: 0
A292: CP40 | B292: 40425 | C292: 1 | D292: Belting | E292: 46198 | F292: 46207 | G292: Not Started | H292: 0
A293: CP40 | B293: 40430 | C293: 1 | D293: Belting | E293: 46198 | F293: 46207 | G293: Not Started | H293: 0
A294: CP40 | B294: 40610 | C294: 1 | D294: Belting | E294: 46198 | F294: 46207 | G294: Not Started | H294: 0
A295: CP40 | B295: 40615 | C295: 1 | D295: Belting | E295: 46198 | F295: 46207 | G295: Not Started | H295: 0
A296: CP40 | B296: 40620 | C296: 1 | D296: Belting | E296: 46198 | F296: 46207 | G296: Not Started | H296: 0
... A407: CP40 | B407: 40320 | C407: 1 | D407: Bottom Pans | E407: 46218 | F407: 46222 | G407: Not Started | H407: 0
A408: CP40 | B408: 40325 | C408: ` | D408: Bottom Pans | E408: 46218 | F408: 46222 | G408: Not Started | H408: 0
A409: CP40 | B409: 40335 | C409: 1 | D409: Bottom Pans | E409: 46218 | F409: 46222 | G409: Not Started | H409: 0
A410: CP40 | B410: 40345 | C410: 1 | D410: Bottom Pans | E410: 46218 | F410: 46222 | G410: Not Started | H410: 0
A411: CP40 | B411: 40348 | C411: 1 | D411: Bottom Pans | E411: 46218 | F411: 46222 | G411: Not Started | H411: 0
A412: CP40 | B412: 40350 | C412: 1 | D412: Bottom Pans | E412: 46218 | F412: 46222 | G412: Not Started | H412: 0
A413: CP40 | B413: 40410 | C413: 1 | D413: Bottom Pans | E413: 46218 | F413: 46222 | G413: Not Started | H413: 0
A414: CP40 | B414: 40415 | C414: 1 | D414: Bottom Pans | E414: 46218 | F414: 46222 | G414: Not Started | H414: 0
A415: CP40 | B415: 40420 | C415: 1 | D415: Bottom Pans | E415: 46218 | F415: 46222 | G415: Not Started | H415: 0
A416: CP40 | B416: 40425 | C416: 1 | D416: Bottom Pans | E416: 46218 | F416: 46222 | G416: Not Started | H416: 0
A417: CP40 | B417: 40430 | C417: 1 | D417: Bottom Pans | E417: 46218 | F417: 46222 | G417: Not Started | H417: 0
A418: CP40 | B418: 40610 | C418: 1 | D418: Bottom Pans | E418: 46218 | F418: 46222 | G418: Not Started | H418: 0
A419: CP40 | B419: 40615 | C419: 1 | D419: Bottom Pans | E419: 46218 | F419: 46222 | G419: Not Started | H419: 0
A420: CP40 | B420: 40620 | C420: 1 | D420: Bottom Pans | E420: 46218 | F420: 46222 | G420: Not Started | H420: 0
... A531: CP40 | B531: 40320 | C531: 1 | D531: Side Guide | E531: 46223 | F531: 46232 | G531: Not Started | H531: 0
A532: CP40 | B532: 40325 | C532: ` | D532: Side Guide | E532: 46223 | F532: 46232 | G532: Not Started | H532: 0
A533: CP40 | B533: 40335 | C533: 1 | D533: Side Guide | E533: 46223 | F533: 46232 | G533: Not Started | H533: 0
A534: CP40 | B534: 40345 | C534: 1 | D534: Side Guide | E534: 46223 | F534: 46232 | G534: Not Started | H534: 0
A535: CP40 | B535: 40348 | C535: 1 | D535: Side Guide | E535: 46223 | F535: 46232 | G535: Not Started | H535: 0
A536: CP40 | B536: 40350 | C536: 1 | D536: Side Guide | E536: 46223 | F536: 46232 | G536: Not Started | H536: 0
A537: CP40 | B537: 40410 | C537: 1 | D537: Side Guide | E537: 46223 | F537: 46232 | G537: Not Started | H537: 0
A538: CP40 | B538: 40415 | C538: 1 | D538: Side Guide | E538: 46223 | F538: 46232 | G538: Not Started | H538: 0
A539: CP40 | B539: 40420 | C539: 1 | D539: Side Guide | E539: 46223 | F539: 46232 | G539: Not Started | H539: 0
A540: CP40 | B540: 40425 | C540: 1 | D540: Side Guide | E540: 46223 | F540: 46232 | G540: Not Started | H540: 0
A541: CP40 | B541: 40430 | C541: 1 | D541: Side Guide | E541: 46223 | F541: 46232 | G541: Not Started | H541: 0
A542: CP40 | B542: 40610 | C542: 1 | D542: Side Guide | E542: 46223 | F542: 46232 | G542: Not Started | H542: 0
A543: CP40 | B543: 40615 | C543: 1 | D543: Side Guide | E543: 46223 | F543: 46232 | G543: Not Started | H543: 0
A544: CP40 | B544: 40620 | C544: 1 | D544: Side Guide | E544: 46223 | F544: 46232 | G544: Not Started | H544: 0
... A655: CP40 | B655: 40320 | C655: 1 | D655: Netting | E655: 46243 | F655: 46250 | G655: Blocked | H655: 0
A656: CP40 | B656: 40325 | C656: ` | D656: Netting | E656: 46243 | F656: 46250 | G656: Blocked | H656: 0
A657: CP40 | B657: 40335 | C657: 1 | D657: Netting | E657: 46243 | F657: 46250 | G657: Blocked | H657: 0
A658: CP40 | B658: 40345 | C658: 1 | D658: Netting | E658: 46243 | F658: 46250 | G658: Blocked | H658: 0
A659: CP40 | B659: 40348 | C659: 1 | D659: Netting | E659: 46243 | F659: 46250 | G659: Blocked | H659: 0
A660: CP40 | B660: 40350 | C660: 1 | D660: Netting | E660: 46243 | F660: 46250 | G660: Blocked | H660: 0
A661: CP40 | B661: 40410 | C661: 1 | D661: Netting | E661: 46243 | F661: 46250 | G661: Blocked | H661: 0
A662: CP40 | B662: 40415 | C662: 1 | D662: Netting | E662: 46243 | F662: 46250 | G662: Blocked | H662: 0
A663: CP40 | B663: 40420 | C663: 1 | D663: Netting | E663: 46243 | F663: 46250 | G663: Blocked | H663: 0
A664: CP40 | B664: 40425 | C664: 1 | D664: Netting | E664: 46243 | F664: 46250 | G664: Blocked | H664: 0
A665: CP40 | B665: 40430 | C665: 1 | D665: Netting | E665: 46243 | F665: 46250 | G665: Blocked | H665: 0
A666: CP40 | B666: 40610 | C666: 1 | D666: Netting | E666: 46243 | F666: 46250 | G666: Blocked | H666: 0
A667: CP40 | B667: 40615 | C667: 1 | D667: Netting | E667: 46243 | F667: 46250 | G667: Blocked | H667: 0
A668: CP40 | B668: 40620 | C668: 1 | D668: Netting | E668: 46243 | F668: 46250 | G668: Blocked | H668: 0
... A779: CP40 | B779: 40320 | C779: 1 | D779: Run-in | E779: 46337 | F779: 46343 | G779: Not Started | H779: 0
A780: CP40 | B780: 40325 | C780: ` | D780: Run-in | E780: 46337 | F780: 46343 | G780: Not Started | H780: 0
A781: CP40 | B781: 40335 | C781: 1 | D781: Run-in | E781: 46337 | F781: 46343 | G781: Not Started | H781: 0
...

Sheet CP40 (2) Pivot
A3: Count of Status | B3: Column Labels
A4: Row Labels | B4: Blocked | C4: Complete | D4: Not Started | E4: Grand Total
A5: Anchored & Leveled | C5: 5 | D5: 119 | E5: 124
A6: Belting | D6: 124 | E6: 124
A7: Bottom Pans | D7: 124 | E7: 124
A8: Netting | B8: 124 | E8: 124
A9: Run-in | D9: 124 | E9: 124
A10: Side Guide | D10: 124 | E10: 124
A11: Staging & Prep | C11: 5 | D11: 119 | E11: 124
A12: Grand Total | B12: 124 | C12: 10 | D12: 734 | E12: 868

Sheet AP Tracker Mechanical Dashboard
B2: Overall Totals (As of 6/30/26) - CP52 Not Included
B3: Task | C3: Weight | D3: Weighted Totals | E3: Complete | F3: Complete %
B4: Prep | C4: 0.1 | D4: ='CP40'!C138+'CP41'!C125+'CP42'!C46+'CP50'!C125+'CP51'!C222 -> 59.8 | E4: ='CP40'!D138+'CP41'!D125+'CP42'!D46+'CP50'!D125+'CP51'!D222 -> 23.095 | F4: =E4/D4 -> 0.38620401
B5: Erected | C5: 0.3 | D5: ='CP40'!C139+'CP41'!C126+'CP42'!C47+'CP50'!C126+'CP51'!C223 -> 179.4 | E5: ='CP40'!D139+'CP41'!D126+'CP42'!D47+'CP50'!D126+'CP51'!D223 -> 41.07 | F5: =E5/D5 -> 0.22892977
B6: Anchored | C6: 0.1 | D6: ='CP40'!C140+'CP41'!C127+'CP42'!C48+'CP50'!C127+'CP51'!C224 -> 59.8 | E6: ='CP40'!D140+'CP41'!D127+'CP42'!D48+'CP50'!D127+'CP51'!D224 -> 10.17 | F6: =E6/D6 -> 0.17006689
B7: Belting | C7: 0.2 | D7: ='CP40'!C141+'CP41'!C128+'CP42'!C49+'CP50'!C128+'CP51'!C225 -> 119.6 | E7: ='CP40'!D141+'CP41'!D128+'CP42'!D49+'CP50'!D128+'CP51'!D225 -> 20.14 | F7: =E7/D7 -> 0.16839465
B8: Bottom Pans | C8: 0.05 | D8: ='CP40'!C142+'CP41'!C129+'CP42'!C50+'CP50'!C129+'CP51'!C226 -> 29.9 | E8: ='CP40'!D142+'CP41'!D129+'CP42'!D50+'CP50'!D129+'CP51'!D226 -> 3.67 | F8: =E8/D8 -> 0.12274247
B9: Side Guide | C9: 0.2 | D9: ='CP40'!C143+'CP41'!C130+'CP42'!C51+'CP50'!C130+'CP51'!C227 -> 119.6 | E9: ='CP40'!D143+'CP41'!D130+'CP42'!D51+'CP50'!D130+'CP51'!D227 -> 17.6625 | F9: =E9/D9 -> 0.14767977
B10: Netting | C10: 0.05 | D10: ='CP40'!C144+'CP41'!C131+'CP42'!C52+'CP50'!C131+'CP51'!C228 -> 29.9 | E10: ='CP40'!D144+'CP41'!D131+'CP42'!D52+'CP50'!D131+'CP51'!D228 -> 6.7 | F10: =E10/D10 -> 0.22408027
B11: Total Completion | C11: =SUM(C4:C10) -> 1 | D11: =SUM(D4:D10) -> 598 | E11: =SUM(E4:E10) -> 122.5075 | F11: =E11/D11 -> 0.20486204

Sheet CP40
A1: CP | B1: Asset | C1: Length | D1: Prep -10% | I1: Erected 30% | N1: Anchored 10% | S1: Belting - 20% | X1: Bottom Pans - 5% | AC1: Side Guide - 20% | AH1: Netting - 5% | AM1: Run-in
D2: Start | E2: Finish | F2: Status | G2: Notes | H2: % Complete | I2: Start | J2: Finish | K2: Status | L2: Notes | M2: % Complete | N2: Start | O2: Finish | P2: Status | Q2: Notes | R2: % Complete | S2: Start | T2: Finish | U2: Status | V2: Notes | W2: % Complete | X2: Start | Y2: Finish | Z2: Status | AA2: Notes | AB2: % Complete | AC2: Start | AD2: Finish | AE2: Status | AF2: Notes | AG2: % Complete | AH2: Start | AI2: Finish | AJ2: Status | AK2: Notes | AL2: % Complete | AM2: Start | AN2: Finish | AO2: Status | AP2: % Complete
A3: CP40 | B3: 40255 | C3: 1 | D3: 46146 | E3: 46157 | F3: Complete | G3: Not installed by missing straddle supports | H3: 1 | I3: 46160 | J3: 46169 | K3: Not Started | L3: Missing material Delivery (Straddle Support) | M3: 0 | N3: 46160 | O3: 46169 | P3: Not Started | Q3: Missing material Delivery (Straddle Support) | R3: 1 | S3: 46198 | T3: 46207 | U3: Not Started | V3: Missing material Delivery (Straddle Support) | W3: 0 | X3: 46218 | Y3: 46222 | Z3: Not Started | AA3: Missing material Delivery (Straddle Support) | AB3: 0 | AC3: 46223 | AD3: 46232 | AE3: Not Started | AF3: Missing material Delivery (Straddle Support) | AG3: 0 | AH3: 46243 | AI3: 46250 | AJ3: Blocked | AK3: NA | AL3: 0 | AM3: 46337 | AN3: 46343 | AO3: Not Started | AP3: 0
A4: CP40 | B4: 40355 | C4: 1 | D4: 46146 | E4: 46157 | F4: Complete | G4: Not installed by missing straddle supports | H4: 1 | I4: 46160 | J4: 46169 | K4: Not Started | L4: Missing material Delivery (Straddle Support) | M4: 0 | N4: 46160 | O4: 46169 | P4: Not Started | Q4: Missing material Delivery (Straddle Support) | R4: 1 | S4: 46198 | T4: 46207 | U4: Not Started | V4: Missing material Delivery (Straddle Support) | W4: 0 | X4: 46218 | Y4: 46222 | Z4: Not Started | AA4: Missing material Delivery (Straddle Support) | AB4: 0 | AC4: 46223 | AD4: 46232 | AE4: Not Started | AF4: Missing material Delivery (Straddle Support) | AG4: 0 | AH4: 46243 | AI4: 46250 | AJ4: Blocked | AK4: NA | AL4: 0 | AM4: 46337 | AN4: 46343 | AO4: Not Started | AP4: 0
A5: CP40 | B5: 40230 | C5: 1 | D5: 46146 | E5: 46157 | F5: Complete | H5: 1 | I5: 46160 | J5: 46169 | K5: Complete | L5: Need to replace short supports with correct height | M5: 0.9 | N5: 46160 | O5: 46169 | P5: Complete | Q5: Need to replace short supports with correct height | R5: 1 | S5: 46198 | T5: 46207 | U5: Not Started | V5: 3-Phase to confirm on Belt joining m/c | W5: 0 | X5: 46218 | Y5: 46222 | Z5: Complete | AA5: Complete | AB5: 1 | AC5: 46223 | AD5: 46232 | AE5: Complete | AF5: Complete | AG5: 1 | AH5: 46243 | AI5: 46250 | AJ5: Complete | AK5: NA | AL5: 1 | AM5: 46337 | AN5: 46343 | AO5: Not Started | AP5: 0
A6: CP40 | B6: 40330 | C6: 1 | D6: 46146 | E6: 46157 | F6: Complete | G6: Missing drive | H6: 1 | I6: 46160 | J6: 46169 | K6: Complete | L6: Need to replace short supports with correct height | M6: 0.9 | N6: 46160 | O6: 46169 | P6: Complete | Q6: Need to replace short supports with correct height | R6: 1 | S6: 46198 | T6: 46207 | U6: Not Started | V6: 3-Phase to confirm on Belt joining m/c | W6: 0 | X6: 46218 | Y6: 46222 | Z6: Complete | AA6: Complete | AB6: 1 | AC6: 46223 | AD6: 46232 | AE6: Complete | AF6: Complete | AG6: 1 | AH6: 46243 | AI6: 46250 | AJ6: Complete | AK6: NA | AL6: 1 | AM6: 46337 | AN6: 46343 | AO6: Not Started | AP6: 0
A7: CP40 | B7: 40405 | C7: 1 | D7: 46146 | E7: 46157 | F7: Complete | H7: 1 | I7: 46160 | J7: 46169 | K7: Complete | L7: Complete | M7: 1 | N7: 46160 | O7: 46169 | P7: Complete | Q7: Complete | R7: 1 | S7: 46198 | T7: 46207 | U7: Complete | V7: Complete | W7: 1 | X7: 46218 | Y7: 46222 | Z7: Complete | AA7: Complete | AB7: 1 | AC7: 46223 | AD7: 46232 | AE7: Complete | AF7: Complete | AG7: 1 | AH7: 46243 | AI7: 46250 | AJ7: Complete | AK7: NA | AL7: 1 | AM7: 46337 | AN7: 46343 | AO7: Not Started | AP7: 0
A8: CP40 | B8: 40605 | C8: 1 | D8: 46146 | E8: 46157 | F8: Complete | H8: 1 | I8: 46160 | J8: 46169 | K8: Complete | L8: Complete | M8: 1 | N8: 46160 | O8: 46169 | P8: Complete | Q8: Complete | R8: 1 | S8: 46198 | T8: 46207 | U8: Complete | V8: Complete | W8: 1 | X8: 46218 | Y8: 46222 | Z8: Complete | AA8: Complete | AB8: 1 | AC8: 46223 | AD8: 46232 | AE8: Complete | AF8: Complete | AG8: 1 | AH8: 46243 | AI8: 46250 | AJ8: Complete | AK8: NA | AL8: 1 | AM8: 46337 | AN8: 46343 | AO8: Not Started | AP8: 0
A9: CP40 | B9: 40005 | C9: 1 | D9: 46146 | E9: 46157 | F9: Complete | H9: 1 | I9: 46160 | J9: 46169 | K9: Not Started | L9: Area Beyond Grid 8 ,not available for Install | M9: 0 | N9: 46160 | O9: 46169 | P9: Not Started | Q9: Area Beyond Grid 8 ,not available for Install | R9: 0 | S9: 46198 | T9: 46207 | U9: Not Started | V9: Area Beyond Grid 8 ,not available for Install | W9: 0 | X9: 46218 | Y9: 46222 | Z9: Not Started | AA9: Area Beyond Grid 8 ,not available for Install | AB9: 0 | AC9: 46223 | AD9: 46232 | AE9: Not Started | AF9: Area Beyond Grid 8 ,not available for Install | AG9: 0 | AH9: 46243 | AI9: 46250 | AJ9: Blocked | AK9: Area Beyond Grid 8 ,not available for Install | AL9: 0 | AM9: 46337 | AN9: 46343 | AO9: Not Started | AP9: 0
A10: CP40 | B10: 40010 | C10: 1 | D10: 46146 | E10: 46157 | F10: Complete | H10: 1 | I10: 46160 | J10: 46169 | K10: Not Started | L10: Area Beyond Grid 8 ,not available for Install | M10: 0 | N10: 46160 | O10: 46169 | P10: Not Started | Q10: Area Beyond Grid 8 ,not available for Install | R10: 0 | S10: 46198 | T10: 46207 | U10: Not Started | V10: Area Beyond Grid 8 ,not available for Install | W10: 0 | X10: 46218 | Y10: 46222 | Z10: Not Started | AA10: Area Beyond Grid 8 ,not available for Install | AB10: 0 | AC10: 46223 | AD10: 46232 | AE10: Not Started | AF10: Area Beyond Grid 8 ,not available for Install | AG10: 0 | AH10: 46243 | AI10: 46250 | AJ10: Blocked | AK10: Area Beyond Grid 8 ,not available for Install | AL10: 0 | AM10: 46337 | AN10: 46343 | AO10: Not Started | AP10: 0
A11: CP40 | B11: 40015 | C11: 1 | D11: 46146 | E11: 46157 | F11: Complete | H11: 1 | I11: 46160 | J11: 46169 | K11: Not Started | L11: Area Beyond Grid 8 ,not available for Install | M11: 0 | N11: 46160 | O11: 46169 | P11: Not Started | Q11: Area Beyond Grid 8 ,not available for Install | R11: 0 | S11: 46198 | T11: 46207 | U11: Not Started | V11: Area Beyond Grid 8 ,not available for Install | W11: 0 | X11: 46218 | Y11: 46222 | Z11: Not Started | AA11: Area Beyond Grid 8 ,not available for Install | AB11: 0 | AC11: 46223 | AD11: 46232 | AE11: Not Started | AF11: Area Beyond Grid 8 ,not available for Install | AG11: 0 | AH11: 46243 | AI11: 46250 | AJ11: Blocked | AK11: Area Beyond Grid 8 ,not available for Install | AL11: 0 | AM11: 46337 | AN11: 46343 | AO11: Not Started | AP11: 0
A12: CP40 | B12: 40020 | C12: 1 | D12: 46146 | E12: 46157 | F12: Complete | G12: 40036700-11209549 | H12: 0.9 | I12: 46160 | J12: 46169 | K12: Not Started | L12: Area Beyond Grid 8 ,not available for Install | M12: 0 | N12: 46160 | O12: 46169 | P12: Not Started | Q12: Area Beyond Grid 8 ,not available for Install | R12: 0 | S12: 46198 | T12: 46207 | U12: Not Started | V12: Area Beyond Grid 8 ,not available for Install | W12: 0 | X12: 46218 | Y12: 46222 | Z12: Not Started | AA12: Area Beyond Grid 8 ,not available for Install | AB12: 0 | AC12: 46223 | AD12: 46232 | AE12: Not Started | AF12: Area Beyond Grid 8 ,not available for Install | AG12: 0 | AH12: 46243 | AI12: 46250 | AJ12: Blocked | AK12: Area Beyond Grid 8 ,not available for Install | AL12: 0 | AM12: 46337 | AN12: 46343 | AO12: Not Started | AP12: 0
A13: CP40 | B13: 40025 | C13: 1 | D13: 46146 | E13: 46157 | F13: Complete | H13: 0.6 | I13: 46160 | J13: 46169 | K13: Not Started | L13: Area Beyond Grid 8 ,not available for Install | M13: 0 | N13: 46160 | O13: 46169 | P13: Not Started | Q13: Area Beyond Grid 8 ,not available for Install | R13: 0 | S13: 46198 | T13: 46207 | U13: Not Started | V13: Area Beyond Grid 8 ,not available for Install | W13: 0 | X13: 46218 | Y13: 46222 | Z13: Not Started | AA13: Area Beyond Grid 8 ,not available for Install | AB13: 0 | AC13: 46223 | AD13: 46232 | AE13: Not Started | AF13: Area Beyond Grid 8 ,not available for Install | AG13: 0 | AH13: 46243 | AI13: 46250 | AJ13: Blocked | AK13: Area Beyond Grid 8 ,not available for Install | AL13: 0 | AM13: 46337 | AN13: 46343 | AO13: Not Started | AP13: 0
A14: CP40 | B14: 40030 | C14: 1 | D14: 46146 | E14: 46157 | F14: Complete | H14: 1 | I14: 46160 | J14: 46169 | K14: Not Started | L14: Area Beyond Grid 8 ,not available for Install | M14: 0 | N14: 46160 | O14: 46169 | P14: Not Started | Q14: Area Beyond Grid 8 ,not available for Install | R14: 0 | S14: 46198 | T14: 46207 | U14: Not Started | V14: Area Beyond Grid 8 ,not available for Install | W14: 0 | X14: 46218 | Y14: 46222 | Z14: Not Started | AA14: Area Beyond Grid 8 ,not available for Install | AB14: 0 | AC14: 46223 | AD14: 46232 | AE14: Not Started | AF14: Area Beyond Grid 8 ,not available for Install | AG14: 0 | AH14: 46243 | AI14: 46250 | AJ14: Blocked | AK14: Area Beyond Grid 8 ,not available for Install | AL14: 0 | AM14: 46337 | AN14: 46343 | AO14: Not Started | AP14: 0
A15: CP40 | B15: 40105 | C15: 1 | D15: 46146 | E15: 46157 | F15: Complete | G15: 47039800-9636785 | H15: 0.9 | I15: 46160 | J15: 46169 | K15: Not Started | L15: Area Beyond Grid 8 ,not available for Install | M15: 0 | N15: 46160 | O15: 46169 | P15: Not Started | Q15: Area Beyond Grid 8 ,not available for Install | R15: 0 | S15: 46198 | T15: 46207 | U15: Not Started | V15: Area Beyond Grid 8 ,not available for Install | W15: 0 | X15: 46218 | Y15: 46222 | Z15: Not Started | AA15: Area Beyond Grid 8 ,not available for Install | AB15: 0 | AC15: 46223 | AD15: 46232 | AE15: Not Started | AF15: Area Beyond Grid 8 ,not available for Install | AG15: 0 | AH15: 46243 | AI15: 46250 | AJ15: Blocked | AK15: Area Beyond Grid 8 ,not available for Install | AL15: 0 | AM15: 46337 | AN15: 46343 | AO15: Not Started | AP15: 0
A16: CP40 | B16: 40110 | C16: 1 | D16: 46146 | E16: 46157 | F16: Complete | G16: 47007400-11209515 | H16: 0.9 | I16: 46160 | J16: 46169 | K16: Not Started | L16: Area Beyond Grid 8 ,not available for Install | M16: 0 | N16: 46160 | O16: 46169 | P16: Not Started | Q16: Area Beyond Grid 8 ,not available for Install | R16: 0 | S16: 46198 | T16: 46207 | U16: Not Started | V16: Area Beyond Grid 8 ,not available for Install | W16: 0 | X16: 46218 | Y16: 46222 | Z16: Not Started | AA16: Area Beyond Grid 8 ,not available for Install | AB16: 0 | AC16: 46223 | AD16: 46232 | AE16: Not Started | AF16: Area Beyond Grid 8 ,not available for Install | AG16: 0 | AH16: 46243 | AI16: 46250 | AJ16: Blocked | AK16: Area Beyond Grid 8 ,not available for Install | AL16: 0 | AM16: 46337 | AN16: 46343 | AO16: Not Started | AP16: 0
A17: CP40 | B17: 40115 | C17: 1 | D17: 46146 | E17: 46157 | F17: Complete | H17: 1 | I17: 46160 | J17: 46169 | K17: Not Started | L17: Area Beyond Grid 8 ,not available for Install | M17: 0 | N17: 46160 | O17: 46169 | P17: Not Started | Q17: Area Beyond Grid 8 ,not available for Install | R17: 0 | S17: 46198 | T17: 46207 | U17: Not Started | V17: Area Beyond Grid 8 ,not available for Install | W17: 0 | X17: 46218 | Y17: 46222 | Z17: Not Started | AA17: Area Beyond Grid 8 ,not available for Install | AB17: 0 | AC17: 46223 | AD17: 46232 | AE17: Not Started | AF17: Area Beyond Grid 8 ,not available for Install | AG17: 0 | AH17: 46243 | AI17: 46250 | AJ17: Blocked | AK17: Area Beyond Grid 8 ,not available for Install | AL17: 0 | AM17: 46337 | AN17: 46343 | AO17: Not Started | AP17: 0
A18: CP40 | B18: 40120 | C18: 1 | D18: 46146 | E18: 46157 | F18: Complete | H18: 1 | I18: 46160 | J18: 46169 | K18: Not Started | L18: Area Beyond Grid 8 ,not available for Install | M18: 0 | N18: 46160 | O18: 46169 | P18: Not Started | Q18: Area Beyond Grid 8 ,not available for Install | R18: 0 | S18: 46198 | T18: 46207 | U18: Not Started | V18: Area Beyond Grid 8 ,not available for Install | W18: 0 | X18: 46218 | Y18: 46222 | Z18: Not Started | AA18: Area Beyond Grid 8 ,not available for Install | AB18: 0 | AC18: 46223 | AD18: 46232 | AE18: Not Started | AF18: Area Beyond Grid 8 ,not available for Install | AG18: 0 | AH18: 46243 | AI18: 46250 | AJ18: Blocked | AK18: Area Beyond Grid 8 ,not available for Install | AL18: 0 | AM18: 46337 | AN18: 46343 | AO18: Not Started | AP18: 0
A19: CP40 | B19: 40125 | C19: 1 | D19: 46146 | E19: 46157 | F19: Complete | G19: 49253330-11554036 | H19: 0.9 | I19: 46160 | J19: 46169 | K19: Not Started | L19: Area Beyond Grid 8 ,not available for Install | M19: 0 | N19: 46160 | O19: 46169 | P19: Not Started | Q19: Area Beyond Grid 8 ,not available for Install | R19: 0 | S19: 46198 | T19: 46207 | U19: Not Started | V19: Area Beyond Grid 8 ,not available for Install | W19: 0 | X19: 46218 | Y19: 46222 | Z19: Not Started | AA19: Area Beyond Grid 8 ,not available for Install | AB19: 0 | AC19: 46223 | AD19: 46232 | AE19: Not Started | AF19: Area Beyond Grid 8 ,not available for Install | AG19: 0 | AH19: 46243 | AI19: 46250 | AJ19: Blocked | AK19: Area Beyond Grid 8 ,not available for Install | AL19: 0 | AM19: 46337 | AN19: 46343 | AO19: Not Started | AP19: 0
A20: CP40 | B20: 40130 | C20: 1 | D20: 46146 | E20: 46157 | F20: Complete | H20: 1 | I20: 46160 | J20: 46169 | K20: Not Started | L20: Area Beyond Grid 8 ,not available for Install | M20: 0 | N20: 46160 | O20: 46169 | P20: Not Started | Q20: Area Beyond Grid 8 ,not available for Install | R20: 0.5 | S20: 46198 | T20: 46207 | U20: Not Started | V20: Area Beyond Grid 8 ,not available for Install | W20: 0 | X20: 46218 | Y20: 46222 | Z20: Not Started | AA20: Area Beyond Grid 8 ,not available for Install | AB20: 0 | AC20: 46223 | AD20: 46232 | AE20: Not Started | AF20: Area Beyond Grid 8 ,not available for Install | AG20: 0 | AH20: 46243 | AI20: 46250 | AJ20: Blocked | AK20: Area Beyond Grid 8 ,not available for Install | AL20: 0 | AM20: 46337 | AN20: 46343 | AO20: Not Started | AP20: 0
A21: CP40 | B21: 40205 | C21: 1 | D21: 46146 | E21: 46157 | F21: Complete | H21: 1 | I21: 46160 | J21: 46169 | K21: Not Started | L21: Area Beyond Grid 8 ,not available for Install | M21: 0 | N21: 46160 | O21: 46169 | P21: Not Started | Q21: Area Beyond Grid 8 ,not available for Install | R21: 0 | S21: 46198 | T21: 46207 | U21: Not Started | V21: Area Beyond Grid 8 ,not available for Install | W21: 0 | X21: 46218 | Y21: 46222 | Z21: Not Started | AA21: Area Beyond Grid 8 ,not available for Install | AB21: 0 | AC21: 46223 | AD21: 46232 | AE21: Not Started | AF21: Area Beyond Grid 8 ,not available for Install | AG21: 0 | AH21: 46243 | AI21: 46250 | AJ21: Blocked | AK21: Area Beyond Grid 8 ,not available for Install | AL21: 0 | AM21: 46337 | AN21: 46343 | AO21: Not Started | AP21: 0
A22: CP40 | B22: 40210 | C22: 1 | D22: 46146 | E22: 46157 | F22: Complete | H22: 1 | I22: 46160 | J22: 46169 | K22: Not Started | L22: Area Beyond Grid 8 ,not available for Install | M22: 0 | N22: 46160 | O22: 46169 | P22: Not Started | Q22: Area Beyond Grid 8 ,not available for Install | R22: 0 | S22: 46198 | T22: 46207 | U22: Not Started | V22: Area Beyond Grid 8 ,not available for Install | W22: 0 | X22: 46218 | Y22: 46222 | Z22: Not Started | AA22: Area Beyond Grid 8 ,not available for Install | AB22: 0 | AC22: 46223 | AD22: 46232 | AE22: Not Started | AF22: Area Beyond Grid 8 ,not available for Install | AG22: 0 | AH22: 46243 | AI22: 46250 | AJ22: Blocked | AK22: Area Beyond Grid 8 ,not available for Install | AL22: 0 | AM22: 46337 | AN22: 46343 | AO22: Not Started | AP22: 0
A23: CP40 | B23: 40215 | C23: 1 | D23: 46146 | E23: 46157 | F23: Complete | H23: 1 | I23: 46160 | J23: 46169 | K23: Not Started | L23: Area Beyond Grid 8 ,not available for Install | M23: 0 | N23: 46160 | O23: 46169 | P23: Not Started | Q23: Area Beyond Grid 8 ,not available for Install | R23: 0 | S23: 46198 | T23: 46207 | U23: Not Started | V23: Area Beyond Grid 8 ,not available for Install | W23: 0 | X23: 46218 | Y23: 46222 | Z23: Not Started | AA23: Area Beyond Grid 8 ,not available for Install | AB23: 0 | AC23: 46223 | AD23: 46232 | AE23: Not Started | AF23: Area Beyond Grid 8 ,not available for Install | AG23: 0 | AH23: 46243 | AI23: 46250 | AJ23: Blocked | AK23: Area Beyond Grid 8 ,not available for Install | AL23: 0 | AM23: 46337 | AN23: 46343 | AO23: Not Started | AP23: 0
A24: CP40 | B24: 40220 | C24: 1 | D24: 46146 | E24: 46157 | F24: Complete | H24: 1 | I24: 46160 | J24: 46169 | K24: Not Started | L24: Area Beyond Grid 8 ,not available for Install | M24: 0 | N24: 46160 | O24: 46169 | P24: Not Started | Q24: Area Beyond Grid 8 ,not available for Install | R24: 0 | S24: 46198 | T24: 46207 | U24: Not Started | V24: Area Beyond Grid 8 ,not available for Install | W24: 0 | X24: 46218 | Y24: 46222 | Z24: Not Started | AA24: Area Beyond Grid 8 ,not available for Install | AB24: 0 | AC24: 46223 | AD24: 46232 | AE24: Not Started | AF24: Area Beyond Grid 8 ,not available for Install | AG24: 0 | AH24: 46243 | AI24: 46250 | AJ24: Blocked | AK24: Area Beyond Grid 8 ,not available for Install | AL24: 0 | AM24: 46337 | AN24: 46343 | AO24: Not Started | AP24: 0
A25: CP40 | B25: 40225 | C25: 1 | D25: 46146 | E25: 46157 | F25: Complete | H25: 1 | I25: 46160 | J25: 46169 | K25: Not Started | L25: Area Beyond Grid 8 ,not available for Install | M25: 0 | N25: 46160 | O25: 46169 | P25: Not Started | Q25: Area Beyond Grid 8 ,not available for Install | R25: 0 | S25: 46198 | T25: 46207 | U25: Not Started | V25: Area Beyond Grid 8 ,not available for Install | W25: 0 | X25: 46218 | Y25: 46222 | Z25: Not Started | AA25: Area Beyond Grid 8 ,not available for Install | AB25: 0 | AC25: 46223 | AD25: 46232 | AE25: Not Started | AF25: Area Beyond Grid 8 ,not available for Install | AG25: 0 | AH25: 46243 | AI25: 46250 | AJ25: Blocked | AK25: Area Beyond Grid 8 ,not available for Install | AL25: 0 | AM25: 46337 | AN25: 46343 | AO25: Not Started | AP25: 0
A26: CP40 | B26: 40235 | C26: 1 | D26: 46146 | E26: 46157 | F26: Complete | G26: Not installed by missing straddle supports | H26: 0.6 | I26: 46160 | J26: 46169 | K26: Not Started | L26: Missing material Delivery (Straddle Support) | M26: 0 | N26: 46160 | O26: 46169 | P26: Not Started | Q26: Missing material Delivery (Straddle Support) | R26: 0 | S26: 46198 | T26: 46207 | U26: Not Started | V26: Missing material Delivery (Straddle Support) | W26: 0 | X26: 46218 | Y26: 46222 | Z26: Not Started | AA26: Missing material Delivery (Straddle Support) | AB26: 0 | AC26: 46223 | AD26: 46232 | AE26: Not Started | AF26: Missing material Delivery (Straddle Support) | AG26: 0 | AH26: 46243 | AI26: 46250 | AJ26: Blocked | AK26: Missing material Delivery | AL26: 0 | AM26: 46337 | AN26: 46343 | AO26: Not Started | AP26: 0
A27: CP40 | B27: 40245 | C27: 1 | D27: 46146 | E27: 46157 | F27: Not Started | G27: PBC NO INFO ISC | H27: 0 | I27: 46160 | J27: 46169 | K27: Not Started | L27: Missing material delivery (Transnorm Curve) | M27: 0 | N27: 46160 | O27: 46169 | P27: Not Started | Q27: Missing material delivery (Transnorm Curve) | R27: 0 | S27: 46198 | T27: 46207 | U27: Not Started | V27: Missing material delivery (Transnorm Curve) | W27: 0 | X27: 46218 | Y27: 46222 | Z27: Not Started | AA27: Missing material delivery (Transnorm Curve) | AB27: 0 | AC27: 46223 | AD27: 46232 | AE27: Not Started | AF27: Missing material delivery (Transnorm Curve) | AG27: 0 | AH27: 46243 | AI27: 46250 | AJ27: Blocked | AK27: NA | AL27: 0 | AM27: 46337 | AN27: 46343 | AO27: Not Started | AP27: 0
A28: CP40 | B28: 40248 | C28: 1 | D28: 46146 | E28: 46157 | F28: Complete | G28: 47012000-11417507 | H28: 0.9 | I28: 46160 | J28: 46169 | K28: Not Started | L28: Upstream & Downstream conveyor not installed | M28: 0 | N28: 46160 | O28: 46169 | P28: Not Started | Q28: Upstream & Downstream conveyor not installed | R28: 0.5 | S28: 46198 | T28: 46207 | U28: Not Started | V28: Upstream & Downstream conveyor not installed | W28: 0 | X28: 46218 | Y28: 46222 | Z28: Not Started | AA28: Waiting for installation | AB28: 0 | AC28: 46223 | AD28: 46232 | AE28: Not Started | AF28: Upstream & Downstream conveyor not installed | AG28: 0 | AH28: 46243 | AI28: 46250 | AJ28: Blocked | AK28: NA | AL28: 0 | AM28: 46337 | AN28: 46343 | AO28: Not Started | AP28: 0
A29: CP40 | B29: 40250 | C29: 1 | D29: 46146 | E29: 46157 | F29: Complete | G29: wrong hand | H29: 0.9 | I29: 46160 | J29: 46169 | K29: Not Started | L29: Upstream & Downstream conveyor not installed | M29: 0 | N29: 46160 | O29: 46169 | P29: Not Started | Q29: Upstream & Downstream conveyor not installed | R29: 0.9 | S29: 46198 | T29: 46207 | U29: Complete | V29: Upstream & Downstream conveyor not installed | W29: 1 | X29: 46218 | Y29: 46222 | Z29: Not Started | AA29: Upstream & Downstream conveyor not installed | AB29: 0 | AC29: 46223 | AD29: 46232 | AE29: Not Started | AF29: Upstream & Downstream conveyor not installed | AG29: 0 | AH29: 46243 | AI29: 46250 | AJ29: Blocked | AK29: NA | AL29: 0 | AM29: 46337 | AN29: 46343 | AO29: Not Started | AP29: 0
A30: CP40 | B30: 40305 | C30: 1 | D30: 46146 | E30: 46157 | F30: Complete | H30: 1 | I30: 46160 | J30: 46169 | K30: Not Started | L30: Area Beyond Grid 8 ,not available for Install | M30: 0 | N30: 46160 | O30: 46169 | P30: Not Started | Q30: Area Beyond Grid 8 ,not available for Install | R30: 0 | S30: 46198 | T30: 46207 | U30: Not Started | V30: Area Beyond Grid 8 ,not available for Install | W30: 0 | X30: 46218 | Y30: 46222 | Z30: Not Started | AA30: Area Beyond Grid 8 ,not available for Install | AB30: 0 | AC30: 46223 | AD30: 46232 | AE30: Not Started | AF30: Area Beyond Grid 8 ,not available for Install | AG30: 0 | AH30: 46243 | AI30: 46250 | AJ30: Blocked | AK30: Area Beyond Grid 8 ,not available for Install | AL30: 0 | AM30: 46337 | AN30: 46343 | AO30: Not Started | AP30: 0
A31: CP40 | B31: 40310 | C31: 1 | D31: 46146 | E31: 46157 | F31: Complete | H31: 1 | I31: 46160 | J31: 46169 | K31: Not Started | L31: Area Beyond Grid 8 ,not available for Install | M31: 0 | N31: 46160 | O31: 46169 | P31: Not Started | Q31: Area Beyond Grid 8 ,not available for Install | R31: 0 | S31: 46198 | T31: 46207 | U31: Not Started | V31: Area Beyond Grid 8 ,not available for Install | W31: 0 | X31: 46218 | Y31: 46222 | Z31: Not Started | AA31: Area Beyond Grid 8 ,not available for Install | AB31: 0 | AC31: 46223 | AD31: 46232 | AE31: Not Started | AF31: Area Beyond Grid 8 ,not available for Install | AG31: 0 | AH31: 46243 | AI31: 46250 | AJ31: Blocked | AK31: Area Beyond Grid 8 ,not available for Install | AL31: 0 | AM31: 46337 | AN31: 46343 | AO31: Not Started | AP31: 0
A32: CP40 | B32: 40312 | C32: 1 | D32: 46146 | E32: 46157 | F32: Complete | H32: 1 | I32: 46160 | J32: 46169 | K32: Not Started | L32: Area Beyond Grid 8 ,not available for Install | M32: 0 | N32: 46160 | O32: 46169 | P32: Not Started | Q32: Area Beyond Grid 8 ,not available for Install | R32: 0 | S32: 46198 | T32: 46207 | U32: Not Started | V32: Area Beyond Grid 8 ,not available for Install | W32: 0 | X32: 46218 | Y32: 46222 | Z32: Not Started | AA32: Area Beyond Grid 8 ,not available for Install | AB32: 0 | AC32: 46223 | AD32: 46232 | AE32: Not Started | AF32: Area Beyond Grid 8 ,not available for Install | AG32: 0 | AH32: 46243 | AI32: 46250 | AJ32: Blocked | AK32: Area Beyond Grid 8 ,not available for Install | AL32: 0 | AM32: 46337 | AN32: 46343 | AO32: Not Started | AP32: 0
A33: CP40 | B33: 40314 | C33: 1 | D33: 46146 | E33: 46157 | F33: Complete | H33: 1 | I33: 46160 | J33: 46169 | K33: Not Started | L33: Area Beyond Grid 8 ,not available for Install | M33: 0 | N33: 46160 | O33: 46169 | P33: Not Started | Q33: Area Beyond Grid 8 ,not available for Install | R33: 0 | S33: 46198 | T33: 46207 | U33: Not Started | V33: Area Beyond Grid 8 ,not available for Install | W33: 0 | X33: 46218 | Y33: 46222 | Z33: Not Started | AA33: Area Beyond Grid 8 ,not available for Install | AB33: 0 | AC33: 46223 | AD33: 46232 | AE33: Not Started | AF33: Area Beyond Grid 8 ,not available for Install | AG33: 0 | AH33: 46243 | AI33: 46250 | AJ33: Blocked | AK33: Area Beyond Grid 8 ,not available for Install | AL33: 0 | AM33: 46337 | AN33: 46343 | AO33: Not Started | AP33: 0
A34: CP40 | B34: 40316 | C34: 1 | D34: 46146 | E34: 46157 | F34: Complete | H34: 1 | I34: 46170 | J34: 46183 | K34: Not Started | L34: Area Beyond Grid 8 ,not available for Install | M34: 0 | N34: 46170 | O34: 46183 | P34: Not Started | Q34: Area Beyond Grid 8 ,not available for Install | R34: 0 | S34: 46198 | T34: 46207 | U34: Not Started | V34: Area Beyond Grid 8 ,not available for Install | W34: 0 | X34: 46218 | Y34: 46222 | Z34: Not Started | AA34: Area Beyond Grid 8 ,not available for Install | AB34: 0 | AC34: 46223 | AD34: 46232 | AE34: Not Started | AF34: Area Beyond Grid 8 ,not available for Install | AG34: 0 | AH34: 46243 | AI34: 46250 | AJ34: Blocked | AK34: Area Beyond Grid 8 ,not available for Install | AL34: 0 | AM34: 46337 | AN34: 46343 | AO34: Not Started | AP34: 0
A35: CP40 | B35: 40318 | C35: 1 | D35: 46146 | E35: 46157 | F35: Complete | H35: 1 | I35: 46170 | J35: 46183 | K35: Not Started | L35: Area Beyond Grid 8 ,not available for Install | M35: 0 | N35: 46170 | O35: 46183 | P35: Not Started | Q35: Area Beyond Grid 8 ,not available for Install | R35: 0 | S35: 46198 | T35: 46207 | U35: Not Started | V35: Area Beyond Grid 8 ,not available for Install | W35: 0 | X35: 46218 | Y35: 46222 | Z35: Not Started | AA35: Area Beyond Grid 8 ,not available for Install | AB35: 0 | AC35: 46223 | AD35: 46232 | AE35: Not Started | AF35: Area Beyond Grid 8 ,not available for Install | AG35: 0 | AH35: 46243 | AI35: 46250 | AJ35: Blocked | AK35: Area Beyond Grid 8 ,not available for Install | AL35: 0 | AM35: 46337 | AN35: 46343 | AO35: Not Started | AP35: 0
A36: CP40 | B36: 40320 | C36: 1 | D36: 46146 | E36: 46157 | F36: Complete | G36: 47007400-11209531 | H36: 0.9 | I36: 46170 | J36: 46183 | K36: Not Started | L36: Area Beyond Grid 8 ,not available for Install | M36: 0 | N36: 46170 | O36: 46183 | P36: Not Started | Q36: Area Beyond Grid 8 ,not available for Install | R36: 0 | S36: 46198 | T36: 46207 | U36: Not Started | V36: Area Beyond Grid 8 ,not available for Install | W36: 0 | X36: 46218 | Y36: 46222 | Z36: Not Started | AA36: Area Beyond Grid 8 ,not available for Install | AB36: 0 | AC36: 46223 | AD36: 46232 | AE36: Not Started | AF36: Area Beyond Grid 8 ,not available for Install | AG36: 0 | AH36: 46243 | AI36: 46250 | AJ36: Blocked | AK36: Area Beyond Grid 8 ,not available for Install | AL36: 0 | AM36: 46337 | AN36: 46343 | AO36: Not Started | AP36: 0
A37: CP40 | B37: 40325 | C37: 1 | D37: 46146 | E37: 46157 | F37: Complete | H37: 0.8 | I37: 46170 | J37: 46183 | K37: Not Started | L37: Area Beyond Grid 8 ,not available for Install | M37: 0 | N37: 46170 | O37: 46183 | P37: Not Started | Q37: Area Beyond Grid 8 ,not available for Install | R37: 0 | S37: 46198 | T37: 46207 | U37: Not Started | V37: Area Beyond Grid 8 ,not available for Install | W37: 0 | X37: 46218 | Y37: 46222 | Z37: Not Started | AA37: Area Beyond Grid 8 ,not available for Install | AB37: 0 | AC37: 46223 | AD37: 46232 | AE37: Not Started | AF37: Area Beyond Grid 8 ,not available for Install | AG37: 0 | AH37: 46243 | AI37: 46250 | AJ37: Blocked | AK37: Area Beyond Grid 8 ,not available for Install | AL37: 0 | AM37: 46337 | AN37: 46343 | AO37: Not Started | AP37: 0
A38: CP40 | B38: 40335 | C38: 1 | D38: 46146 | E38: 46157 | F38: Complete | G38: Not installed by missing straddle supports | H38: 1 | I38: 46170 | J38: 46183 | K38: Not Started | L38: Missing material Delivery (Straddle Support) | M38: 0 | N38: 46170 | O38: 46183 | P38: Not Started | Q38: Missing material Delivery (Straddle Support) | R38: 0 | S38: 46198 | T38: 46207 | U38: Not Started | V38: Missing material Delivery (Straddle Support) | W38: 0 | X38: 46218 | Y38: 46222 | Z38: Not Started | AA38: Missing material Delivery (Straddle Support) | AB38: 0 | AC38: 46223 | AD38: 46232 | AE38: Not Started | AF38: Missing material Delivery (Straddle Support) | AG38: 0 | AH38: 46243 | AI38: 46250 | AJ38: Blocked | AK38: Missing material Delivery | AL38: 0 | AM38: 46337 | AN38: 46343 | AO38: Not Started | AP38: 0
A39: CP40 | B39: 40345 | C39: 1 | D39: 46146 | E39: 46157 | F39: Not Started | G39: PBC NO INFO ISC | H39: 0 | I39: 46170 | J39: 46183 | K39: Not Started | L39: Missing material delivery (Transnorm Curve) | M39: 0 | N39: 46170 | O39: 46183 | P39: Not Started | Q39: Missing material delivery (Transnorm Curve) | R39: 0 | S39: 46198 | T39: 46207 | U39: Not Started | V39: Missing material delivery (Transnorm Curve) | W39: 0 | X39: 46218 | Y39: 46222 | Z39: Not Started | AA39: Missing material delivery (Transnorm Curve) | AB39: 0 | AC39: 46223 | AD39: 46232 | AE39: Not Started | AF39: Missing material delivery (Transnorm Curve) | AG39: 0 | AH39: 46243 | AI39: 46250 | AJ39: Blocked | AK39: NA | AL39: 0 | AM39: 46337 | AN39: 46343 | AO39: Not Started | AP39: 0
A40: CP40 | B40: 40348 | C40: 1 | D40: 46146 | E40: 46157 | F40: Complete | G40: 47006700-10347691 | H40: 0.8 | I40: 46170 | J40: 46183 | K40: Not Started | L40: Upstream & Downstream conveyor not installed | M40: 0 | N40: 46170 | O40: 46183 | P40: Not Started | Q40: Upstream & Downstream conveyor not installed | R40: 0.2 | S40: 46198 | T40: 46207 | U40: Not Started | V40: Upstream & Downstream conveyor not installed | W40: 0 | X40: 46218 | Y40: 46222 | Z40: Not Started | AA40: Waiting for installation | AB40: 0 | AC40: 46223 | AD40: 46232 | AE40: Not Started | AF40: Upstream & Downstream conveyor not installed | AG40: 0 | AH40: 46243 | AI40: 46250 | AJ40: Blocked | AK40: NA | AL40: 0 | AM40: 46337 | AN40: 46343 | AO40: Not Started | AP40: 0
G41: 47012000-11417507
A42: CP40 | B42: 40350 | C42: 1 | D42: 46146 | E42: 46157 | F42: Complete | G42: wrong hand | H42: 0.9 | I42: 46170 | J42: 46183 | K42: Not Started | L42: Upstream & Downstream conveyor not installed | M42: 0 | N42: 46170 | O42: 46183 | P42: Not Started | Q42: Upstream & Downstream conveyor not installed | S42: 46198 | T42: 46207 | U42: Complete | V42: Upstream & Downstream conveyor not installed | W42: 1 | X42: 46218 | Y42: 46222 | Z42: Not Started | AA42: Upstream & Downstream conveyor not installed | AB42: 0 | AC42: 46223 | AD42: 46232 | AE42: Not Started | AF42: Upstream & Downstream conveyor not installed | AG42: 0 | AH42: 46243 | AI42: 46250 | AJ42: Blocked | AK42: NA | AL42: 0 | AM42: 46337 | AN42: 46343 | AO42: Not Started | AP42: 0
A43: CP40 | B43: 40410 | C43: 1 | D43: 46146 | E43: 46157 | F43: In Progress | G43: It won't be installed with the current plans | H43: 0.5 | I43: 46170 | J43: 46183 | K43: Not Started | L43: Expected Design Change | M43: 0 | N43: 46170 | O43: 46183 | P43: Not Started | Q43: Expected Design Change | R43: 0.3 | S43: 46198 | T43: 46207 | U43: Not Started | V43: Expected Design Change | W43: 0 | X43: 46218 | Y43: 46222 | Z43: Not Started | AA43: Expected Design Change | AB43: 0 | AC43: 46223 | AD43: 46232 | AE43: Not Started | AF43: Expected Design Change | AG43: 0 | AH43: 46243 | AI43: 46250 | AJ43: Blocked | AK43: NA | AL43: 0 | AM43: 46337 | AN43: 46343 | AO43: Not Started | AP43: 0
A44: CP40 | B44: 40415 | C44: 1 | D44: 46146 | E44: 46157 | F44: In Progress | G44: It won't be installed with the current plans | H44: 0 | I44: 46170 | J44: 46183 | K44: Not Started | L44: Missing material Delivery (Powedercoated HD supports) | M44: 0 | N44: 46170 | O44: 46183 | P44: Not Started | Q44: Missing material Delivery (Powedercoated HD supports) | R44: 0.2 | S44: 46198 | T44: 46207 | U44: Not Started | V44: NA | W44: 0 | X44: 46218 | Y44: 46222 | Z44: Not Started | AB44: 0 | AC44: 46223 | AD44: 46232 | AE44: Not Started | AF44: Missing material delivery | AG44: 0 | AH44: 46243 | AI44: 46250 | AJ44: Blocked | AK44: Missing material delivery | AL44: 0 | AM44: 46337 | AN44: 46343 | AO44: Not Started | AP44: 0
A45: CP40 | B45: 40420 | C45: 1 | D45: 46146 | E45: 46157 | F45: In Progress | G45: It won't be installed with the current plans | H45: 0 | I45: 46170 | J45: 46183 | K45: Not Started | L45: Missing material delivery (Powedercoated HD supports) | M45: 0 | N45: 46170 | O45: 46183 | P45: Not Started | Q45: Missing material delivery (Powedercoated HD supports) | R45: 0 | S45: 46198 | T45: 46207 | U45: Not Started | V45: NA | W45: 0 | X45: 46218 | Y45: 46222 | Z45: Not Started | AA45: NA | AB45: 0 | AC45: 46223 | AD45: 46232 | AE45: Not Started | AF45: Missing material delivery | AG45: 0 | AH45: 46243 | AI45: 46250 | AJ45: Blocked | AK45: Missing material delivery | AL45: 0 | AM45: 46337 | AN45: 46343 | AO45: Not Started | AP45: 0
A46: CP40 | B46: 40425 | C46: 1 | D46: 46146 | E46: 46157 | F46: In Progress | G46: It won't be installed with the current plans | H46: 1 | I46: 46170 | J46: 46183 | K46: Not Started | L46: 3-Phase to confirm | M46: 0 | N46: 46170 | O46: 46183 | P46: Not Started | Q46: 3-Phase to confirm | R46: 0 | S46: 46198 | T46: 46207 | U46: Not Started | V46: NA | W46: 0 | X46: 46218 | Y46: 46222 | Z46: Not Started | AA46: Missing Material Delivery | AB46: 0 | AC46: 46223 | AD46: 46232 | AE46: Not Started | AF46: Missing material delivery | AG46: 0 | AH46: 46243 | AI46: 46250 | AJ46: Blocked | AK46: Missing material delivery | AL46: 0 | AM46: 46337 | AN46: 46343 | AO46: Not Started | AP46: 0
A47: CP40 | B47: 40430 | C47: 1 | D47: 46146 | E47: 46157 | F47: In Progress | G47: It won't be installed with the current plans | H47: 0.5 | I47: 46170 | J47: 46183 | K47: Not Started | L47: Upstream & Downstream conveyor not installed | M47: 0 | N47: 46170 | O47: 46183 | P47: Not Started | Q47: Upstream & Downstream conveyor not installed | R47: 0 | S47: 46198 | T47: 46207 | U47: Not Started | V47: Upstream & Downstream conveyor not installed | W47: 0 | X47: 46218 | Y47: 46222 | Z47: Not Started | AA47: Upstream & Downstream conveyor not installed | AB47: 0 | AC47: 46223 | AD47: 46232 | AE47: Not Started | AF47: Upstream & Downstream conveyor not installed | AG47: 0 | AH47: 46243 | AI47: 46250 | AJ47: Blocked | AK47: Upstream & Downstream conveyor not installed | AL47: 0 | AM47: 46337 | AN47: 46343 | AO47: Not Started | AP47: 0
A48: CP40 | B48: 40610 | C48: 1 | D48: 46146 | E48: 46157 | F48: In Progress | G48: It won't be installed with the current plans | H48: 0.5 | I48: 46170 | J48: 46183 | K48: Not Started | L48: Expected Design Change | M48: 0 | N48: 46170 | O48: 46183 | P48: Not Started | Q48: Expected Design Change | R48: 0 | S48: 46198 | T48: 46207 | U48: Not Started | V48: Expected Design Change | W48: 0 | X48: 46218 | Y48: 46222 | Z48: Not Started | AA48: Expected Design Change | AB48: 0 | AC48: 46223 | AD48: 46232 | AE48: Not Started | AF48: Expected Design Change | AG48: 0 | AH48: 46243 | AI48: 46250 | AJ48: Blocked | AK48: NA | AL48: 0 | AM48: 46337 | AN48: 46343 | AO48: Not Started | AP48: 0
A49: CP40 | B49: 40615 | C49: 1 | D49: 46146 | E49: 46157 | F49: In Progress | G49: It won't be installed with the current plans | H49: 0.5 | I49: 46170 | J49: 46183 | K49: Not Started | L49: Missing material Delivery (Powedercoated HD supports) | M49: 0 | N49: 46170 | O49: 46183 | P49: Not Started | Q49: Missing material Delivery (Powedercoated HD supports) | R49: 0 | S49: 46198 | T49: 46207 | U49: Not Started | V49: NA | W49: 0 | X49: 46218 | Y49: 46222 | Z49: Not Started | AA49: Missing Material Delivery | AB49: 0 | AC49: 46223 | AD49: 46232 | AE49: Not Started | AF49: Missing material delivery | AG49: 0 | AH49: 46243 | AI49: 46250 | AJ49: Blocked | AK49: Missing material delivery | AL49: 0 | AM49: 46337 | AN49: 46343 | AO49: Not Started | AP49: 0
G50: 49383930-11548787
G51: 49253430-11211669
A52: CP40 | B52: 40620 | C52: 1 | D52: 46146 | E52: 46157 | F52: In Progress | G52: It won't be installed with the current plans | H52: 0.25 | I52: 46170 | J52: 46183 | K52: Not Started | L52: Missing material delivery (Powedercoated HD supports) | M52: 0 | N52: 46170 | O52: 46183 | P52: Not Started | Q52: Missing material delivery (Powedercoated HD supports) | R52: 0 | S52: 46198 | T52: 46207 | U52: Not Started | V52: NA | W52: 0 | X52: 46218 | Y52: 46222 | Z52: Not Started | AA52: NA | AB52: 0 | AC52: 46223 | AD52: 46232 | AE52: Not Started | AF52: Missing material delivery | AG52: 0 | AH52: 46243 | AI52: 46250 | AJ52: Blocked | AK52: Missing material delivery | AL52: 0 | AM52: 46337 | AN52: 46343 | AO52: Not Started | AP52: 0
A53: CP40 | B53: 40625 | C53: 1 | D53: 46146 | E53: 46157 | F53: Not Started | G53: It won't be installed with the current plans | H53: 0 | I53: 46170 | J53: 46183 | K53: Not Started | L53: 3-Phase to confirm | M53: 0 | N53: 46170 | O53: 46183 | P53: Not Started | Q53: 3-Phase to confirm | S53: 46198 | T53: 46207 | U53: Not Started | V53: NA | W53: 0 | X53: 46218 | Y53: 46222 | Z53: Not Started | AA53: Missing Material Delivery | AB53: 0 | AC53: 46223 | AD53: 46232 | AE53: Not Started | AF53: Missing material delivery | AG53: 0 | AH53: 46243 | AI53: 46250 | AJ53: Blocked | AK53: Missing material delivery | AL53: 0 | AM53: 46337 | AN53: 46343 | AO53: Not Started | AP53: 0
A54: CP40 | B54: 40630 | C54: 1 | D54: 46146 | E54: 46157 | F54: Not Started | G54: It won't be installed with the current plans | H54: 0 | I54: 46170 | J54: 46183 | K54: Not Started | L54: Upstream & Downstream conveyor not installed | M54: 0 | N54: 46170 | O54: 46183 | P54: Not Started | Q54: Upstream & Downstream conveyor not installed | S54: 46198 | T54: 46207 | U54: Not Started | V54: Upstream & Downstream conveyor not installed | W54: 0 | X54: 46218 | Y54: 46222 | Z54: Not Started | AA54: Upstream & Downstream conveyor not installed | AB54: 0 | AC54: 46223 | AD54: 46232 | AE54: Not Started | AF54: Upstream & Downstream conveyor not installed | AG54: 0 | AH54: 46243 | AI54: 46250 | AJ54: Blocked | AK54: Upstream & Downstream conveyor not installed | AL54: 0 | AM54: 46337 | AN54: 46343 | AO54: Not Started | AP54: 0
A55: CP40 | B55: 40701 | C55: 1 | D55: 46146 | E55: 46157 | F55: Not Started | H55: 0 | I55: 46170 | J55: 46183 | K55: Not Started | L55: Missing Material Delivery (SOPER'd MDR) | M55: 0 | N55: 46170 | O55: 46183 | P55: Not Started | Q55: Missing Material Delivery (SOPER'd MDR) | R55: 0 | S55: 46198 | T55: 46207 | U55: Not Started | V55: Missing Material Delivery (SOPER'd MDR) | W55: 0 | X55: 46218 | Y55: 46222 | Z55: Not Started | AA55: Missing Material Delivery (SOPER'd MDR) | AB55: 0 | AC55: 46223 | AD55: 46232 | AE55: Not Started | AF55: Missing Material Delivery (SOPER'd MDR) | AG55: 0 | AH55: 46243 | AI55: 46250 | AJ55: Blocked | AK55: NA | AL55: 0 | AM55: 46337 | AN55: 46343 | AO55: Not Started | AP55: 0
A56: CP40 | B56: 40702 | C56: 1 | D56: 46146 | E56: 46157 | F56: Not Started | H56: 0 | I56: 46170 | J56: 46183 | K56: Not Started | L56: Missing Material Delivery (SOPER'd MDR) | M56: 0 | N56: 46170 | O56: 46183 | P56: Not Started | Q56: Missing Material Delivery (SOPER'd MDR) | R56: 0 | S56: 46198 | T56: 46207 | U56: Not Started | V56: Missing Material Delivery (SOPER'd MDR) | W56: 0 | X56: 46218 | Y56: 46222 | Z56: Not Started | AA56: Missing Material Delivery (SOPER'd MDR) | AB56: 0 | AC56: 46223 | AD56: 46232 | AE56: Not Started | AF56: Missing Material Delivery (SOPER'd MDR) | AG56: 0 | AH56: 46243 | AI56: 46250 | AJ56: Blocked | AK56: NA | AL56: 0 | AM56: 46337 | AN56: 46343 | AO56: Not Started | AP56: 0
A57: CP40 | B57: 40703 | C57: 1 | D57: 46146 | E57: 46157 | F57: Not Started | G57: No Info ISC | H57: 0 | I57: 46170 | J57: 46183 | K57: Not Started | L57: Missing Material Delivery (SOPER'd MDR) | M57: 0 | N57: 46170 | O57: 46183 | P57: Not Started | Q57: Missing Material Delivery (SOPER'd MDR) | R57: 0 | S57: 46198 | T57: 46207 | U57: Not Started | V57: Missing Material Delivery (SOPER'd MDR) | W57: 0 | X57: 46218 | Y57: 46222 | Z57: Not Started | AA57: Missing Material Delivery (SOPER'd MDR) | AB57: 0 | AC57: 46223 | AD57: 46232 | AE57: Not Started | AF57: Missing Material Delivery (SOPER'd MDR) | AG57: 0 | AH57: 46243 | AI57: 46250 | AJ57: Blocked | AK57: NA | AL57: 0 | AM57: 46337 | AN57: 46343 | AO57: Not Started | AP57: 0
A58: CP40 | B58: 40704 | C58: 1 | D58: 46146 | E58: 46157 | F58: Not Started | G58: No Info ISC | H58: 0 | I58: 46170 | J58: 46183 | K58: Not Started | L58: Missing Material Delivery (SOPER'd MDR) | M58: 0 | N58: 46170 | O58: 46183 | P58: Not Started | Q58: Missing Material Delivery (SOPER'd MDR) | S58: 46198 | T58: 46207 | U58: Not Started | V58: Missing Material Delivery (SOPER'd MDR) | W58: 0 | X58: 46218 | Y58: 46222 | Z58: Not Started | AA58: Missing Material Delivery (SOPER'd MDR) | AB58: 0 | AC58: 46223 | AD58: 46232 | AE58: Not Started | AF58: Missing Material Delivery (SOPER'd MDR) | AG58: 0 | AH58: 46243 | AI58: 46250 | AJ58: Blocked | AK58: NA | AL58: 0 | AM58: 46337 | AN58: 46343 | AO58: Not Started | AP58: 0
A59: CP40 | B59: 40705 | C59: 1 | D59: 46146 | E59: 46157 | F59: Not Started | G59: No Info ISC | H59: 0 | I59: 46170 | J59: 46183 | K59: Not Started | L59: Missing Material Delivery (SOPER'd MDR) | M59: 0 | N59: 46170 | O59: 46183 | P59: Not Started | Q59: Missing Material Delivery (SOPER'd MDR) | S59: 46198 | T59: 46207 | U59: Not Started | V59: Missing Material Delivery (SOPER'd MDR) | W59: 0 | X59: 46218 | Y59: 46222 | Z59: Not Started | AA59: Missing Material Delivery (SOPER'd MDR) | AB59: 0 | AC59: 46223 | AD59: 46232 | AE59: Not Started | AF59: Missing Material Delivery (SOPER'd MDR) | AG59: 0 | AH59: 46243 | AI59: 46250 | AJ59: Blocked | AK59: NA | AL59: 0 | AM59: 46337 | AN59: 46343 | AO59: Not Started | AP59: 0
A60: CP40 | B60: 40706 | C60: 1 | D60: 46146 | E60: 46157 | F60: Not Started | G60: No Info ISC | H60: 0 | I60: 46170 | J60: 46183 | K60: Not Started | L60: Missing Material Delivery (SOPER'd MDR) | M60: 0 | N60: 46170 | O60: 46183 | P60: Not Started | Q60: Missing Material Delivery (SOPER'd MDR) | S60: 46198 | T60: 46207 | U60: Not Started | V60: Missing Material Delivery (SOPER'd MDR) | W60: 0 | X60: 46218 | Y60: 46222 | Z60: Not Started | AA60: Missing Material Delivery (SOPER'd MDR) | AB60: 0 | AC60: 46223 | AD60: 46232 | AE60: Not Started | AF60: Missing Material Delivery (SOPER'd MDR) | AG60: 0 | AH60: 46243 | AI60: 46250 | AJ60: Blocked | AK60: NA | AL60: 0 | AM60: 46337 | AN60: 46343 | AO60: Not Started | AP60: 0
A61: CP40 | B61: 40707 | C61: 1 | D61: 46146 | E61: 46157 | F61: Not Started | G61: No Info ISC | H61: 0 | I61: 46170 | J61: 46183 | K61: Not Started | L61: Missing Material Delivery (SOPER'd MDR) | M61: 0 | N61: 46170 | O61: 46183 | P61: Not Started | Q61: Missing Material Delivery (SOPER'd MDR) | S61: 46198 | T61: 46207 | U61: Not Started | V61: Missing Material Delivery (SOPER'd MDR) | W61: 0 | X61: 46218 | Y61: 46222 | Z61: Not Started | AA61: Missing Material Delivery (SOPER'd MDR) | AB61: 0 | AC61: 46223 | AD61: 46232 | AE61: Not Started | AF61: Missing Material Delivery (SOPER'd MDR) | AG61: 0 | AH61: 46243 | AI61: 46250 | AJ61: Blocked | AK61: NA | AL61: 0 | AM61: 46337 | AN61: 46343 | AO61: Not Started | AP61: 0
A62: CP40 | B62: 40708 | C62: 1 | D62: 46146 | E62: 46157 | F62: Not Started | G62: No Info ISC | H62: 0 | I62: 46170 | J62: 46183 | K62: Not Started | L62: Missing Material Delivery (SOPER'd MDR) | M62: 0 | N62: 46170 | O62: 46183 | P62: Not Started | Q62: Missing Material Delivery (SOPER'd MDR) | S62: 46198 | T62: 46207 | U62: Not Started | V62: Missing Material Delivery (SOPER'd MDR) | W62: 0 | X62: 46218 | Y62: 46222 | Z62: Not Started | AA62: Missing Material Delivery (SOPER'd MDR) | AB62: 0 | AC62: 46223 | AD62: 46232 | AE62: Not Started | AF62: Missing Material Delivery (SOPER'd MDR) | AG62: 0 | AH62: 46243 | AI62: 46250 | AJ62: Blocked | AK62: NA | AL62: 0 | AM62: 46337 | AN62: 46343 | AO62: Not Started | AP62: 0
A63: CP40 | B63: 40709 | C63: 1 | D63: 46146 | E63: 46157 | F63: Not Started | G63: No Info ISC | H63: 0 | I63: 46170 | J63: 46183 | K63: Not Started | L63: Missing Material Delivery (SOPER'd MDR) | M63: 0 | N63: 46170 | O63: 46183 | P63: Not Started | Q63: Missing Material Delivery (SOPER'd MDR) | S63: 46198 | T63: 46207 | U63: Not Started | V63: Missing Material Delivery (SOPER'd MDR) | W63: 0 | X63: 46218 | Y63: 46222 | Z63: Not Started | AA63: Missing Material Delivery (SOPER'd MDR) | AB63: 0 | AC63: 46223 | AD63: 46232 | AE63: Not Started | AF63: Missing Material Delivery (SOPER'd MDR) | AG63: 0 | AH63: 46243 | AI63: 46250 | AJ63: Blocked | AK63: NA | AL63: 0 | AM63: 46337 | AN63: 46343 | AO63: Not Started | AP63: 0
A64: CP40 | B64: 40710 | C64: 1 | D64: 46146 | E64: 46157 | F64: Not Started | G64: No Info ISC | H64: 0 | I64: 46170 | J64: 46183 | K64: Not Started | L64: Missing Material Delivery (SOPER'd MDR) | M64: 0 | N64: 46170 | O64: 46183 | P64: Not Started | Q64: Missing Material Delivery (SOPER'd MDR) | S64: 46198 | T64: 46207 | U64: Not Started | V64: Missing Material Delivery (SOPER'd MDR) | W64: 0 | X64: 46218 | Y64: 46222 | Z64: Not Started | AA64: Missing Material Delivery (SOPER'd MDR) | AB64: 0 | AC64: 46223 | AD64: 46232 | AE64: Not Started | AF64: Missing Material Delivery (SOPER'd MDR) | AG64: 0 | AH64: 46243 | AI64: 46250 | AJ64: Blocked | AK64: NA | AL64: 0 | AM64: 46337 | AN64: 46343 | AO64: Not Started | AP64: 0
A65: CP40 | B65: 40711 | C65: 1 | D65: 46146 | E65: 46157 | F65: Not Started | G65: No Info ISC | H65: 0 | I65: 46170 | J65: 46183 | K65: Not Started | L65: Missing Material Delivery (SOPER'd MDR) | M65: 0 | N65: 46170 | O65: 46183 | P65: Not Started | Q65: Missing Material Delivery (SOPER'd MDR) | S65: 46198 | T65: 46207 | U65: Not Started | V65: Missing Material Delivery (SOPER'd MDR) | W65: 0 | X65: 46218 | Y65: 46222 | Z65: Not Started | AA65: Missing Material Delivery (SOPER'd MDR) | AB65: 0 | AC65: 46223 | AD65: 46232 | AE65: Not Started | AF65: Missing Material Delivery (SOPER'd MDR) | AG65: 0 | AH65: 46243 | AI65: 46250 | AJ65: Blocked | AK65: NA | AL65: 0 | AM65: 46337 | AN65: 46343 | AO65: Not Started | AP65: 0
A66: CP40 | B66: 40712 | C66: 1 | D66: 46146 | E66: 46157 | F66: Not Started | G66: No Info ISC | H66: 0 | I66: 46170 | J66: 46183 | K66: Not Started | L66: Missing Material Delivery (SOPER'd MDR) | M66: 0 | N66: 46170 | O66: 46183 | P66: Not Started | Q66: Missing Material Delivery (SOPER'd MDR) | S66: 46198 | T66: 46207 | U66: Not Started | V66: Missing Material Delivery (SOPER'd MDR) | W66: 0 | X66: 46218 | Y66: 46222 | Z66: Not Started | AA66: Missing Material Delivery (SOPER'd MDR) | AB66: 0 | AC66: 46223 | AD66: 46232 | AE66: Not Started | AF66: Missing Material Delivery (SOPER'd MDR) | AG66: 0 | AH66: 46243 | AI66: 46250 | AJ66: Blocked | AK66: NA | AL66: 0 | AM66: 46337 | AN66: 46343 | AO66: Not Started | AP66: 0
A67: CP40 | B67: 40713 | C67: 1 | D67: 46146 | E67: 46157 | F67: Not Started | G67: No Info ISC | H67: 0 | I67: 46170 | J67: 46183 | K67: Not Started | L67: Missing Material Delivery (SOPER'd MDR) | M67: 0 | N67: 46170 | O67: 46183 | P67: Not Started | Q67: Missing Material Delivery (SOPER'd MDR) | S67: 46198 | T67: 46207 | U67: Not Started | V67: Missing Material Delivery (SOPER'd MDR) | W67: 0 | X67: 46218 | Y67: 46222 | Z67: Not Started | AA67: Missing Material Delivery (SOPER'd MDR) | AB67: 0 | AC67: 46223 | AD67: 46232 | AE67: Not Started | AF67: Missing Material Delivery (SOPER'd MDR) | AG67: 0 | AH67: 46243 | AI67: 46250 | AJ67: Blocked | AK67: NA | AL67: 0 | AM67: 46337 | AN67: 46343 | AO67: Not Started | AP67: 0
A68: CP40 | B68: 40714 | C68: 1 | D68: 46146 | E68: 46157 | F68: Not Started | G68: No Info ISC | H68: 0 | I68: 46170 | J68: 46183 | K68: Not Started | L68: Missing Material Delivery (SOPER'd MDR) | M68: 0 | N68: 46170 | O68: 46183 | P68: Not Started | Q68: Missing Material Delivery (SOPER'd MDR) | S68: 46198 | T68: 46207 | U68: Not Started | V68: Missing Material Delivery (SOPER'd MDR) | W68: 0 | X68: 46218 | Y68: 46222 | Z68: Not Started | AA68: Missing Material Delivery (SOPER'd MDR) | AB68: 0 | AC68: 46223 | AD68: 46232 | AE68: Not Started | AF68: Missing Material Delivery (SOPER'd MDR) | AG68: 0 | AH68: 46243 | AI68: 46250 | AJ68: Blocked | AK68: NA | AL68: 0 | AM68: 46337 | AN68: 46343 | AO68: Not Started | AP68: 0
A69: CP40 | B69: 40715 | C69: 1 | D69: 46146 | E69: 46157 | F69: Not Started | G69: No Info ISC | H69: 0 | I69: 46170 | J69: 46183 | K69: Not Started | L69: Missing Material Delivery (SOPER'd MDR) | M69: 0 | N69: 46170 | O69: 46183 | P69: Not Started | Q69: Missing Material Delivery (SOPER'd MDR) | S69: 46198 | T69: 46207 | U69: Not Started | V69: Missing Material Delivery (SOPER'd MDR) | W69: 0 | X69: 46218 | Y69: 46222 | Z69: Not Started | AA69: Missing Material Delivery (SOPER'd MDR) | AB69: 0 | AC69: 46233 | AD69: 46242 | AE69: Not Started | AF69: Missing Material Delivery (SOPER'd MDR) | AG69: 0 | AH69: 46243 | AI69: 46250 | AJ69: Blocked | AK69: NA | AL69: 0 | AM69: 46337 | AN69: 46343 | AO69: Not Started | AP69: 0
... A126: CP40 | B126: 40905 | C126: 1 | D126: 46146 | E126: 46157 | F126: Not Started | G126: 40099300-11212065 | H126: 0.5 | I126: 46198 | J126: 46211 | K126: Not Started | L126: 3-Phase to confirm | M126: 1 | N126: 46198 | O126: 46211 | P126: Not Started | Q126: 3-Phase to confirm | S126: 46209 | T126: 46218 | U126: Not Started | V126: 3-Phase to confirm | W126: 0 | X126: 46218 | Y126: 46222 | Z126: Not Started | AA126: 3-Phase to confirm | AB126: 0 | AC126: 46233 | AD126: 46242 | AE126: Not Started | AF126: 3-Phase to confirm | AG126: 0 | AH126: 46243 | AI126: 46250 | AJ126: Blocked | AK126: 3-Phase to confirm | AL126: 0 | AM126: 46337 | AN126: 46343 | AO126: Not Started | AP126: 0
G127: 40036200-11212067 | R127: 0
A128: CP40 | B128: 40910 | C128: 1 | D128: 46146 | E128: 46157 | F128: In progress | G128: 47140800-11212107 | H128: 0.5 | I128: 46198 | J128: 46211 | K128: Not Started | L128: 3-Phase to confirm | M128: 0 | N128: 46198 | O128: 46211 | P128: Not Started | Q128: 3-Phase to confirm | S128: 46209 | T128: 46218 | U128: Not Started | V128: 3-Phase to confirm | W128: 0 | X128: 46218 | Y128: 46222 | Z128: Not Started | AA128: 3-Phase to confirm | AB128: 0 | AC128: 46233 | AD128: 46242 | AE128: Not Started | AF128: 3-Phase to confirm | AG128: 0 | AH128: 46243 | AI128: 46250 | AJ128: Blocked | AK128: 3-Phase to confirm | AL128: 0 | AM128: 46337 | AN128: 46343 | AO128: Not Started | AP128: 0
A129: CP40 | B129: 40915 | C129: 1 | D129: 46146 | E129: 46157 | F129: In progress | G129: 49253530-11212053 | H129: 0.5 | I129: 46198 | J129: 46211 | K129: Not Started | L129: 3-Phase to confirm | M129: 0 | N129: 46198 | O129: 46211 | P129: Not Started | Q129: 3-Phase to confirm | R129: 0 | S129: 46209 | T129: 46218 | U129: Not Started | V129: 3-Phase to confirm | W129: 0 | X129: 46218 | Y129: 46222 | Z129: Not Started | AA129: 3-Phase to confirm | AB129: 0 | AC129: 46233 | AD129: 46242 | AE129: Not Started | AF129: 3-Phase to confirm | AG129: 0 | AH129: 46243 | AI129: 46250 | AJ129: Blocked | AK129: Missing material delivery | AL129: 0 | AM129: 46337 | AN129: 46343 | AO129: Not Started | AP129: 0
G130: 49253330-11212051 | R130: 0
A131: CP40 | B131: 40920 | C131: 1 | D131: 46146 | E131: 46157 | F131: Complete | G131: Complete | H131: 1 | I131: 46198 | J131: 46211 | K131: Complete | L131: Complete | M131: 1 | N131: 46198 | O131: 46211 | P131: Not Started | Q131: Upstrem & downstrem conveyors are not installed | R131: 0 | S131: 46209 | T131: 46218 | U131: Complete | V131: Complete | W131: 1 | X131: 46218 | Y131: 46222 | Z131: Complete | AA131: Complete | AB131: 1 | AC131: 46233 | AD131: 46242 | AE131: Complete | AF131: Complete | AG131: 1 | AH131: 46243 | AI131: 46250 | AJ131: Blocked | AK131: NA | AL131: 1 | AM131: 46337 | AN131: 46343 | AO131: Not Started | AP131: 0
A132: CP40 | B132: 40925 | C132: 1 | D132: 46146 | E132: 46157 | F132: Complete | G132: Complete | H132: 1 | I132: 46198 | J132: 46211 | K132: Complete | L132: Complete | M132: 1 | N132: 46198 | O132: 46211 | P132: Not Started | Q132: Upstrem & downstrem conveyors are not installed | R132: 0 | S132: 46209 | T132: 46218 | U132: Complete | V132: Complete | W132: 1 | X132: 46218 | Y132: 46222 | Z132: Complete | AA132: Complete | AB132: 1 | AC132: 46233 | AD132: 46242 | AE132: Not Started | AF132: 3-Phase to confirm | AG132: 0 | AH132: 46243 | AI132: 46250 | AJ132: Blocked | AK132: NA | AL132: 1 | AM132: 46337 | AN132: 46343 | AO132: Not Started | AP132: 0
A133: CP40 | B133: 40930 | C133: 1 | D133: 46146 | E133: 46157 | F133: Complete | G133: Complete | H133: 1 | I133: 46198 | J133: 46211 | K133: Not Started | L133: Complete | M133: 1 | N133: 46198 | O133: 46211 | P133: Not Started | R133: 0 | S133: 46209 | T133: 46218 | U133: Not Started | V133: Complete | W133: 1 | X133: 46218 | Y133: 46222 | Z133: Complete | AA133: Complete | AB133: 1 | AC133: 46233 | AD133: 46242 | AE133: Complete | AF133: Complete | AG133: 1 | AH133: 46243 | AI133: 46250 | AJ133: Blocked | AK133: Missing material delivery (Transnorm Curve) | AL133: 0 | AM133: 46337 | AN133: 46343 | AO133: Not Started | AP133: 0
A134: Total | C134: =SUM(C3:C133) -> 126 | H134: =AVERAGE(H3:H133) -> 0.33928571 | M134: =AVERAGE(M3:M133) -> 0.061904762 | R134: 0 | W134: =AVERAGE(W3:W133) -> 0.055555556 | AB134: =AVERAGE(AB3:AB133) -> 0.055555556 | AG134: =AVERAGE(AG3:AG133) -> 0.047619048 | AL134: =AVERAGE(AL3:AL133) -> 0.047619048 | AP134: =AVERAGE(AP3:AP133) -> 0
A136: Summary
A137: Task | B137: Weight | C137: Weighted Totals | D137: Complete | E137: Complete %
A138: Prep | B138: 0.1 | C138: =126*B138 -> 12.6 | D138: =SUM(H3:H133)*0.1 -> 4.275 | E138: =D138/C138 -> 0.33928571
A139: Erected | B139: 0.3 | C139: =126*B139 -> 37.8 | D139: =SUM(M3:M133)*0.3 -> 2.34 | E139: =D139/C139 -> 0.061904762
A140: Anchored | B140: 0.1 | C140: =126*B140 -> 12.6 | D140: =SUM(R3:R133)*0.1 -> 0.86 | E140: =D140/C140 -> 0.068253968
A141: Belting | B141: 0.2 | C141: =126*B141 -> 25.2 | D141: =SUM(W3:W133)*0.2 -> 1.4 | E141: =D141/C141 -> 0.055555556
A142: Bottom Pans | B142: 0.05 | C142: =126*B142 -> 6.3 | D142: =SUM(AB3:AB133)*0.05 -> 0.35 | E142: =D142/C142 -> 0.055555556
A143: Side Guide | B143: 0.2 | C143: =126*B143 -> 25.2 | D143: =SUM(AG3:AG133)*0.2 -> 1.2 | E143: =D143/C143 -> 0.047619048
A144: Netting | B144: 0.05 | C144: =126*B144 -> 6.3 | D144: =SUM(AL3:AL133)*0.05 -> 0.3 | E144: =D144/C144 -> 0.047619048
A145: Total Completion | B145: =SUM(B138:B144) -> 1 | C145: =SUM(C138:C144) -> 126 | D145: =SUM(D138:D144) -> 10.725 | E145: =D145/C145 -> 0.085119048

Sheet CP41
A1: CP | B1: Asset | C1: Length | D1: Prep -10% | I1: Erected 30% | N1: Anchored 10% | S1: Belting - 20% | X1: Bottom Pans - 5% | AC1: Side Guide - 20% | AH1: Netting Bracket - 5% | AM1: Run-in
D2: Start | E2: Finish | F2: Status | G2: Notes | H2: % Complete | I2: Start | J2: Finish | K2: Status | L2: Notes | M2: % Complete | N2: Start | O2: Finish | P2: Status | Q2: Notes | R2: % Complete | S2: Start | T2: Finish | U2: Status | V2: Note | W2: % Complete | X2: Start | Y2: Finish | Z2: Status | AA2: Notes | AB2: % Complete | AC2: Start | AD2: Finish | AE2: Status | AF2: Notes | AG2: % Complete | AH2: Start | AI2: Finish | AJ2: Status | AK2: Notes | AL2: % Complete | AM2: Start | AN2: Finish | AO2: Status | AP2: % Complete
A3: B-24-04663-CP41 | B3: 41035 | C3: 1 | D3: 46146 | E3: 46157 | F3: Complete | G3: Complete | H3: 0.95 | I3: 46160 | J3: 46169 | K3: Complete | L3: Complete | M3: 0.95 | N3: 46160 | O3: 46169 | P3: Complete | Q3: Complete | R3: 1 | S3: 46198 | T3: 46207 | U3: In Progress | V3: Missing Material Delivery (IQ bed) | W3: 0.5 | X3: 46218 | Y3: 46222 | Z3: Not Started | AA3: Missing Material Delivery | AB3: 0 | AC3: 46223 | AD3: 46232 | AE3: In Progress | AF3: Missing Material Delivery (IQ bed) | AG3: 0.8 | AH3: 46243 | AI3: 46250 | AJ3: Complete | AK3: NA | AL3: 1 | AM3: 46337 | AN3: 46343 | AO3: Not Started | AP3: 0
A4: B-24-04663-CP41 | B4: 41055 | C4: 1 | D4: 46146 | E4: 46157 | F4: Complete | G4: Complete | H4: 1 | I4: 46160 | J4: 46169 | K4: Complete | L4: Need adjustment with scanner | M4: 1 | N4: 46160 | O4: 46169 | P4: Complete | Q4: Need adjustment with scanner | R4: 1 | S4: 46198 | T4: 46207 | U4: Complete | V4: Complete | W4: 1 | X4: 46218 | Y4: 46222 | Z4: Not Started | AA4: 3-Phase to confirm | AB4: 0 | AC4: 46223 | AD4: 46232 | AE4: Complete | AF4: Complete | AG4: 1 | AH4: 46243 | AI4: 46250 | AJ4: Not Started | AK4: Missing Material Delivery | AL4: 0 | AM4: 46337 | AN4: 46343 | AO4: Not Started | AP4: 0
A5: B-24-04663-CP41 | B5: 41080 | C5: 1 | D5: 46146 | E5: 46157 | F5: Complete | G5: Complete | H5: 1 | I5: 46160 | J5: 46169 | K5: Complete | L5: Complete | M5: 1 | N5: 46160 | O5: 46169 | P5: Complete | Q5: Complete | R5: 1 | S5: 46198 | T5: 46207 | U5: Complete | V5: Complete | W5: 1 | X5: 46218 | Y5: 46222 | Z5: Not started | AA5: 3-Phase to confirm | AB5: 0 | AC5: 46223 | AD5: 46232 | AE5: Complete | AF5: Complete | AG5: 1 | AH5: 46243 | AI5: 46250 | AJ5: Not Started | AK5: Missing Material Delivery | AL5: 0 | AM5: 46337 | AN5: 46343 | AO5: Not Started | AP5: 0
A6: B-24-04663-CP41 | B6: 41395 | C6: 1 | D6: 46146 | E6: 46157 | F6: Complete | G6: Complete | H6: 1 | I6: 46160 | J6: 46169 | K6: Complete | L6: Complete | M6: 1 | N6: 46160 | O6: 46169 | P6: Complete | Q6: Complete | R6: 1 | S6: 46198 | T6: 46207 | U6: Complete | V6: Complete | W6: 1 | X6: 46218 | Y6: 46222 | Z6: Complete | AA6: Complete | AB6: 1 | AC6: 46223 | AD6: 46232 | AE6: Complete | AF6: Complete | AG6: 1 | AH6: 46243 | AI6: 46250 | AJ6: Complete | AK6: NA | AL6: 1 | AM6: 46337 | AN6: 46343 | AO6: Not Started | AP6: 0
A7: B-24-04663-CP41 | B7: 41445 | C7: 1 | D7: 46146 | E7: 46157 | F7: Complete | G7: Complete | H7: 1 | I7: 46160 | J7: 46169 | K7: Complete | L7: Complete | M7: 1 | N7: 46160 | O7: 46169 | P7: Complete | Q7: Complete | R7: 1 | S7: 46198 | T7: 46207 | U7: Complete | V7: Complete | W7: 1 | X7: 46218 | Y7: 46222 | Z7: Complete | AA7: Complete | AB7: 1 | AC7: 46223 | AD7: 46232 | AE7: Complete | AF7: Complete | AG7: 1 | AH7: 46243 | AI7: 46250 | AJ7: Complete | AK7: NA | AL7: 1 | AM7: 46337 | AN7: 46343 | AO7: Not Started | AP7: 0
A8: B-24-04663-CP41 | B8: 41545 | C8: 1 | D8: 46146 | E8: 46157 | F8: Complete | G8: Complete | H8: 1 | I8: 46160 | J8: 46169 | K8: Complete | L8: Complete | M8: 1 | N8: 46160 | O8: 46169 | P8: Complete | Q8: Complete | R8: 1 | S8: 46198 | T8: 46207 | U8: Complete | V8: Complete | W8: 1 | X8: 46218 | Y8: 46222 | Z8: Complete | AA8: Complete | AB8: 1 | AC8: 46223 | AD8: 46232 | AE8: In Progress | AF8: Connected Transnoem not installed | AG8: 0.7 | AH8: 46243 | AI8: 46250 | AJ8: Complete | AK8: NA | AL8: 1 | AM8: 46337 | AN8: 46343 | AO8: Not Started | AP8: 0
A9: B-24-04663-CP41 | B9: 41645 | C9: 1 | D9: 46146 | E9: 46157 | F9: Complete | G9: Complete | H9: 1 | I9: 46160 | J9: 46169 | K9: Complete | L9: Complete | M9: 1 | N9: 46160 | O9: 46169 | P9: Complete | Q9: Complete | R9: 1 | S9: 46198 | T9: 46207 | U9: Complete | V9: Complete | W9: 1 | X9: 46218 | Y9: 46222 | Z9: Complete | AA9: Complete | AB9: 1 | AC9: 46223 | AD9: 46232 | AE9: In Progress | AF9: 3-Phase to confirm | AG9: 0.1 | AH9: 46243 | AI9: 46250 | AJ9: Complete | AK9: NA | AL9: 1 | AM9: 46337 | AN9: 46343 | AO9: Not Started | AP9: 0
A10: B-24-04663-CP41 | B10: 41745 | C10: 1 | D10: 46146 | E10: 46157 | F10: Complete | G10: Complete | H10: 1 | I10: 46160 | J10: 46169 | K10: Complete | L10: Complete | M10: 1 | N10: 46160 | O10: 46169 | P10: Complete | Q10: Complete | R10: 1 | S10: 46198 | T10: 46207 | U10: Complete | V10: Complete | W10: 1 | X10: 46218 | Y10: 46222 | Z10: Complete | AA10: Complete | AB10: 1 | AC10: 46223 | AD10: 46232 | AE10: Complete | AF10: Complete | AG10: 1 | AH10: 46243 | AI10: 46250 | AJ10: Complete | AK10: NA | AL10: 1 | AM10: 46337 | AN10: 46343 | AO10: Not Started | AP10: 0
A11: B-24-04663-CP41 | B11: 41845 | C11: 1 | D11: 46146 | E11: 46157 | F11: Complete | G11: Complete | H11: 1 | I11: 46160 | J11: 46169 | K11: Complete | L11: Connected Transnorm (PBC) not on site | M11: 0 | N11: 46160 | O11: 46169 | P11: Complete | Q11: Connected Transnorm (PBC) not on site | R11: 0 | S11: 46198 | T11: 46207 | U11: Complete | V11: 3-Phase to confirm | W11: 0 | X11: 46218 | Y11: 46222 | Z11: Not Started | AA11: 3-Phase to confirm | AB11: 0 | AC11: 46223 | AD11: 46232 | AE11: Complete | AF11: 3-Phase to confirm | AG11: 0.5 | AH11: 46243 | AI11: 46250 | AJ11: Complete | AK11: NA | AL11: 1 | AM11: 46337 | AN11: 46343 | AO11: Not Started | AP11: 0
A12: B-24-04663-CP41 | B12: 41032 | C12: 1 | D12: 46146 | E12: 46157 | F12: Complete | G12: Complete | H12: 1 | I12: 46160 | J12: 46169 | K12: Not Started | L12: Connected Transnorm (PBC) not on site | M12: 0.2 | N12: 46160 | O12: 46169 | P12: Not Started | Q12: Connected Transnorm (PBC) not on site | R12: 0.2 | S12: 46198 | T12: 46207 | U12: Not Started | V12: Need update from 3-phase | W12: 0 | X12: 46218 | Y12: 46222 | Z12: Not Started | AA12: Need update from 3-phase | AB12: 0 | AC12: 46223 | AD12: 46232 | AE12: Not Started | AF12: Need update from 3-phase | AG12: 0 | AH12: 46243 | AI12: 46250 | AJ12: Complete | AK12: NA | AL12: 1 | AM12: 46337 | AN12: 46343 | AO12: Not Started | AP12: 0
A13: B-24-04663-CP41 | B13: 41040 | C13: 1 | D13: 46146 | E13: 46157 | F13: Complete | G13: Complete | H13: 1 | I13: 46160 | J13: 46169 | K13: Not Started | L13: Connected Transnorm (PBC) not on site | M13: 0 | N13: 46160 | O13: 46169 | P13: Not Started | Q13: Connected Transnorm (PBC) not on site | R13: 0 | S13: 46198 | T13: 46207 | U13: Not Started | V13: Missing Material Delivery (VB) | W13: 0 | X13: 46218 | Y13: 46222 | Z13: Not Started | AA13: Missing Material Delivery | AB13: 0 | AC13: 46223 | AD13: 46232 | AE13: Not Started | AF13: Missing Material Delivery (VB) | AG13: 1 | AH13: 46243 | AI13: 46250 | AJ13: Complete | AK13: NA | AL13: 1 | AM13: 46337 | AN13: 46343 | AO13: Not Started | AP13: 0
A14: B-24-04663-CP41 | B14: 41045 | C14: 1 | D14: 46146 | E14: 46157 | F14: Complete | G14: Complete | H14: 1 | I14: 46160 | J14: 46169 | K14: Not Started | L14: Complete | M14: 1 | N14: 46160 | O14: 46169 | P14: Not Started | Q14: Complete | R14: 1 | S14: 46198 | T14: 46207 | U14: Not Started | V14: Complete | W14: 1 | X14: 46218 | Y14: 46222 | Z14: Not Started | AA14: Missing Material Delivery | AB14: 0 | AC14: 46223 | AD14: 46232 | AE14: Not Started | AF14: Complete | AG14: 1 | AH14: 46243 | AI14: 46250 | AJ14: Complete | AK14: NA | AL14: 1 | AM14: 46337 | AN14: 46343 | AO14: Not Started | AP14: 0
A15: B-24-04663-CP41 | B15: 41065 | C15: 1 | D15: 46146 | E15: 46157 | F15: Complete | G15: Complete | H15: 1 | I15: 46160 | J15: 46169 | K15: In Progress | L15: Need adjustment with scanner | M15: 0.5 | N15: 46160 | O15: 46169 | P15: In Progress | Q15: Need adjustment with scanner | R15: 0.5 | S15: 46198 | T15: 46207 | U15: Complete | V15: Complete | W15: 1 | X15: 46218 | Y15: 46222 | Z15: Complete | AA15: Complete | AB15: 1 | AC15: 46223 | AD15: 46232 | AE15: In Progress | AF15: 3-Phase to confirm | AG15: 0.5 | AH15: 46243 | AI15: 46250 | AJ15: Not Started | AK15: Missing Material Delivery | AL15: 0 | AM15: 46337 | AN15: 46343 | AO15: Not Started | AP15: 0
A16: B-24-04663-CP41 | B16: 41085 | C16: 1 | D16: 46146 | E16: 46157 | F16: No Info ISC | G16: No Info ISC | H16: 0 | I16: 46160 | J16: 46169 | K16: Not Started | L16: Missing Material Delivery (Transnorm) | M16: 0 | N16: 46160 | O16: 46169 | P16: Not Started | Q16: Missing Material Delivery (Transnorm) | R16: 0 | S16: 46198 | T16: 46207 | U16: Not Started | V16: Missing Material Delivery (Transnorm) | W16: 0 | X16: 46218 | Y16: 46222 | Z16: Not Started | AA16: Missing Material Delivery | AB16: 0 | AC16: 46223 | AD16: 46232 | AE16: Not Started | AF16: Missing Material Delivery | AG16: 0 | AH16: 46243 | AI16: 46250 | AJ16: Not Started | AK16: Missing Material Delivery | AL16: 0 | AM16: 46337 | AN16: 46343 | AO16: Not Started | AP16: 0
A17: B-24-04663-CP41 | B17: 41115 | C17: 1 | D17: 46146 | E17: 46157 | F17: Complete | G17: Complete | H17: 1 | I17: 46160 | J17: 46169 | K17: Not Started | L17: Complete | M17: 1 | N17: 46160 | O17: 46169 | P17: Complete | Q17: Complete | R17: 1 | S17: 46198 | T17: 46207 | U17: Complete | V17: Complete | W17: 1 | X17: 46218 | Y17: 46222 | Z17: Complete | AA17: Complete | AB17: 1 | AC17: 46223 | AD17: 46232 | AE17: Complete | AF17: Complete | AG17: 1 | AH17: 46243 | AI17: 46250 | AJ17: Complete | AK17: NA | AL17: 1 | AM17: 46337 | AN17: 46343 | AO17: Not Started | AP17: 0
A18: B-24-04663-CP41 | B18: 41120 | C18: 1 | D18: 46146 | E18: 46157 | F18: Complete | G18: Complete | H18: 1 | I18: 46160 | J18: 46169 | K18: Complete | L18: Complete | M18: 1 | N18: 46160 | O18: 46169 | P18: Complete | Q18: Complete | R18: 1 | S18: 46198 | T18: 46207 | U18: Complete | V18: Complete | W18: 1 | X18: 46218 | Y18: 46222 | Z18: Complete | AA18: Complete | AB18: 1 | AC18: 46223 | AD18: 46232 | AE18: Not Started | AF18: 3-Phase to confirm | AG18: 0 | AH18: 46243 | AI18: 46250 | AJ18: Complete | AK18: NA | AL18: 1 | AM18: 46337 | AN18: 46343 | AO18: Not Started | AP18: 0
A19: B-24-04663-CP41 | B19: 41125 | C19: 1 | D19: 46146 | E19: 46157 | F19: No Info ISC | G19: No Info ISC | H19: 0 | I19: 46160 | J19: 46169 | K19: Not Started | L19: Missing Material Delivery (Transnorm) | M19: 0 | N19: 46160 | O19: 46169 | P19: Not Started | Q19: Missing Material Delivery (Transnorm) | R19: 0 | S19: 46198 | T19: 46207 | U19: Not Started | V19: Missing Material Delivery (Transnorm) | W19: 0 | X19: 46218 | Y19: 46222 | Z19: Not Started | AA19: Missing Material Delivery | AB19: 0 | AC19: 46223 | AD19: 46232 | AE19: Not Started | AF19: Missing Material Delivery | AG19: 0 | AH19: 46243 | AI19: 46250 | AJ19: Complete | AK19: NA | AL19: 1 | AM19: 46337 | AN19: 46343 | AO19: Not Started | AP19: 0
A20: B-24-04663-CP41 | B20: 41130 | C20: 1 | D20: 46146 | E20: 46157 | F20: Complete | G20: Complete | H20: 1 | I20: 46160 | J20: 46169 | K20: Not Started | L20: 3-Phase to confirm | M20: 0 | N20: 46160 | O20: 46169 | P20: Not Started | Q20: 3-Phase to confirm | R20: 0 | S20: 46198 | T20: 46207 | U20: Not Started | V20: 3-Phase to confirm | W20: 0 | X20: 46218 | Y20: 46222 | Z20: Not Started | AA20: 3-Phase to confirm | AB20: 0 | AC20: 46223 | AD20: 46232 | AE20: Not Started | AF20: 3-Phase to confirm | AG20: 0 | AH20: 46243 | AI20: 46250 | AJ20: Complete | AK20: NA | AL20: 1 | AM20: 46337 | AN20: 46343 | AO20: Not Started | AP20: 0
A21: B-24-04663-CP41 | B21: 41535 | C21: 1 | D21: 46146 | E21: 46157 | F21: Not Started | G21: CRV (PBC) | H21: 0 | I21: 46160 | J21: 46169 | K21: Not Started | L21: Missing Material Delivery (Transnorm) | M21: 0 | N21: 46160 | O21: 46169 | P21: Not Started | Q21: Missing Material Delivery (Transnorm) | R21: 0 | S21: 46198 | T21: 46207 | U21: Not Started | V21: Missing Material Delivery (Transnorm) | W21: 0 | X21: 46218 | Y21: 46222 | Z21: Not Started | AA21: Missing Material Delivery | AB21: 0 | AC21: 46223 | AD21: 46232 | AE21: Not Started | AF21: Missing Material Delivery | AG21: 0 | AH21: 46243 | AI21: 46250 | AJ21: Complete | AK21: NA | AL21: 1 | AM21: 46337 | AN21: 46343 | AO21: Not Started | AP21: 0
A22: B-24-04663-CP41 | B22: 41435 | C22: 1 | D22: 46146 | E22: 46157 | F22: In progress | G22: In progress | H22: 0.2 | I22: 46160 | J22: 46169 | K22: Not Started | L22: Missing Material Delivery (Transnorm) | M22: 0 | N22: 46160 | O22: 46169 | P22: Not Started | Q22: Missing Material Delivery (Transnorm) | R22: 0 | S22: 46198 | T22: 46207 | U22: Not Started | V22: Missing Material Delivery (Transnorm) | W22: 0 | X22: 46218 | Y22: 46222 | Z22: Not Started | AA22: Missing Material Delivery | AB22: 0 | AC22: 46223 | AD22: 46232 | AE22: Not Started | AF22: Missing Material Delivery | AG22: 0 | AH22: 46243 | AI22: 46250 | AJ22: Complete | AK22: NA | AL22: 1 | AM22: 46337 | AN22: 46343 | AO22: Not Started | AP22: 0
A23: B-24-04663-CP41 | B23: 41325 | C23: 1 | D23: 46146 | E23: 46157 | F23: In progress | G23: In progress | H23: 0.2 | I23: 46160 | J23: 46169 | K23: Not Started | L23: Missing Upstrem / Downstrem Conveyor installation | M23: 0 | N23: 46160 | O23: 46169 | P23: Not Started | Q23: Missing Upstrem / Downstrem Conveyor installation | R23: 0 | S23: 46198 | T23: 46207 | U23: Complete | V23: MDR Belted Section | W23: 1 | X23: 46218 | Y23: 46222 | Z23: Not Started | AA23: Missing Upstrem / Downstrem Conveyor installation | AB23: 0 | AC23: 46223 | AD23: 46232 | AE23: Complete | AF23: NA-prefitted SG | AG23: 1 | AH23: 46243 | AI23: 46250 | AJ23: Complete | AK23: NA | AL23: 1 | AM23: 46337 | AN23: 46343 | AO23: Not Started | AP23: 0
A24: B-24-04663-CP41 | B24: 41330 | C24: 1 | D24: 46146 | E24: 46157 | F24: Complete | G24: 5’ 6” is not on site | H24: 0.95 | I24: 46160 | J24: 46169 | K24: Not Started | L24: Missing Material Delivery | M24: 0 | N24: 46160 | O24: 46169 | P24: Not Started | Q24: Missing Material Delivery | R24: 0 | S24: 46198 | T24: 46207 | U24: Not Started | V24: Missing Material Delivery | W24: 0 | X24: 46218 | Y24: 46222 | Z24: Not Started | AA24: Missing Material Delivery | AB24: 0 | AC24: 46223 | AD24: 46232 | AE24: Not Started | AF24: Missing Material Delivery | AG24: 0 | AH24: 46243 | AI24: 46250 | AJ24: Complete | AK24: NA | AL24: 1 | AM24: 46337 | AN24: 46343 | AO24: Not Started | AP24: 0
A25: B-24-04663-CP41 | B25: 41335 | C25: 1 | D25: 46146 | E25: 46157 | F25: No Info ISC | G25: No Info ISC | H25: 0 | I25: 46160 | J25: 46169 | K25: Not Started | L25: Connected Transnorm (PBC) not on site | M25: 0 | N25: 46160 | O25: 46169 | P25: Not Started | Q25: Connected Transnorm (PBC) not on site | R25: 0 | S25: 46198 | T25: 46207 | U25: Complete | V25: Complete | W25: 1 | X25: 46218 | Y25: 46222 | Z25: Complete | AA25: Complete | AB25: 1 | AC25: 46223 | AD25: 46232 | AE25: Not Started | AF25: Complete | AG25: 1 | AH25: 46243 | AI25: 46250 | AJ25: Complete | AK25: NA | AL25: 1 | AM25: 46337 | AN25: 46343 | AO25: Not Started | AP25: 0
A26: B-24-04663-CP41 | B26: 41340 | C26: 1 | D26: 46146 | E26: 46157 | F26: Complete | G26: CRV (PBC) | H26: 0.9 | I26: 46160 | J26: 46169 | K26: Not Started | L26: Missing Material Delivery (Transnorm) | M26: 0 | N26: 46160 | O26: 46169 | P26: Not Started | Q26: Missing Material Delivery (Transnorm) | R26: 0 | S26: 46198 | T26: 46207 | U26: Not Started | V26: Missing Material Delivery (Transnorm) | W26: 0 | X26: 46218 | Y26: 46222 | Z26: Not Started | AA26: Missing Material Delivery | AB26: 0 | AC26: 46223 | AD26: 46232 | AE26: Not Started | AF26: Missing Material Delivery | AG26: 0 | AH26: 46243 | AI26: 46250 | AJ26: Complete | AK26: NA | AL26: 1 | AM26: 46337 | AN26: 46343 | AO26: Not Started | AP26: 0
A27: B-24-04663-CP41 | B27: 41345 | C27: 1 | D27: 46146 | E27: 46157 | F27: Not Started | G27: Not Started | H27: 0 | I27: 46160 | J27: 46169 | K27: Not Started | L27: Wrong colour drive (VB) | M27: 0 | N27: 46160 | O27: 46169 | P27: Not Started | Q27: Wrong colour drive (VB) | R27: 0 | S27: 46198 | T27: 46207 | U27: Not Started | V27: Wrong colour drive (VB) | W27: 0 | X27: 46218 | Y27: 46222 | Z27: Not Started | AA27: Wrong colour drive (VB) | AB27: 0 | AC27: 46223 | AD27: 46232 | AE27: Not Started | AF27: Wrong colour drive (VB) | AG27: 0 | AH27: 46243 | AI27: 46250 | AJ27: Complete | AK27: NA | AL27: 1 | AM27: 46337 | AN27: 46343 | AO27: Not Started | AP27: 0
A28: B-24-04663-CP41 | B28: 41375 | C28: 1 | D28: 46146 | E28: 46157 | F28: Not Started | G28: Not Started | H28: 0 | I28: 46160 | J28: 46169 | K28: Not Started | L28: Missing Upstrem / Downstrem Conveyor installation | M28: 0 | N28: 46160 | O28: 46169 | P28: Not Started | Q28: Missing Upstrem / Downstrem Conveyor installation | R28: 0 | S28: 46198 | T28: 46207 | U28: Complete | V28: MDR Belted Section | W28: 1 | X28: 46218 | Y28: 46222 | Z28: Not Started | AA28: Missing Upstrem / Downstrem Conveyor installation | AB28: 0 | AC28: 46223 | AD28: 46232 | AE28: Complete | AF28: NA-prefitted SG | AG28: 1 | AH28: 46243 | AI28: 46250 | AJ28: Complete | AK28: NA | AL28: 1 | AM28: 46337 | AN28: 46343 | AO28: Not Started | AP28: 0
A29: B-24-04663-CP41 | B29: 41380 | C29: 1 | D29: 46146 | E29: 46157 | F29: Not Started | G29: Not Started | H29: 0 | I29: 46160 | J29: 46169 | K29: Not Started | L29: 3-Phase to confirm | M29: 0 | N29: 46160 | O29: 46169 | P29: Not Started | Q29: 3-Phase to confirm | R29: 0 | S29: 46198 | T29: 46207 | U29: Not Started | V29: 3-Phase to confirm | W29: 0 | X29: 46218 | Y29: 46222 | Z29: Not Started | AA29: 3-Phase to confirm | AB29: 0 | AC29: 46223 | AD29: 46232 | AE29: Not Started | AF29: 3-Phase to confirm | AG29: 0 | AH29: 46243 | AI29: 46250 | AJ29: Complete | AK29: NA | AL29: 1 | AM29: 46337 | AN29: 46343 | AO29: Not Started | AP29: 0
A30: B-24-04663-CP41 | B30: 41385 | C30: 1 | D30: 46146 | E30: 46157 | F30: No Info ISC | G30: No Info ISC | H30: 0 | I30: 46160 | J30: 46169 | K30: Not Started | L30: 3-Phase to confirm | M30: 0 | N30: 46160 | O30: 46169 | P30: Not Started | Q30: 3-Phase to confirm | R30: 0 | S30: 46198 | T30: 46207 | U30: Not Started | V30: 3-Phase to confirm | W30: 0 | X30: 46218 | Y30: 46222 | Z30: Not Started | AA30: 3-Phase to confirm | AB30: 0 | AC30: 46223 | AD30: 46232 | AE30: Complete | AF30: 3-Phase to confirm | AG30: 0 | AH30: 46243 | AI30: 46250 | AJ30: Complete | AK30: NA | AL30: 1 | AM30: 46337 | AN30: 46343 | AO30: Not Started | AP30: 0
A31: B-24-04663-CP41 | B31: 41390 | C31: 1 | D31: 46146 | E31: 46157 | F31: Not Started | G31: Not Started | H31: 0 | I31: 46160 | J31: 46169 | K31: Not Started | L31: Missing Material Delivery (Transnorm) | M31: 0 | N31: 46160 | O31: 46169 | P31: Not Started | Q31: Missing Material Delivery (Transnorm) | R31: 0 | S31: 46198 | T31: 46207 | U31: Not Started | V31: Missing Material Delivery (Transnorm) | W31: 0 | X31: 46218 | Y31: 46222 | Z31: Not Started | AA31: Missing Material Delivery | AB31: 0 | AC31: 46223 | AD31: 46232 | AE31: Not Started | AF31: Missing Material Delivery | AG31: 0 | AH31: 46243 | AI31: 46250 | AJ31: Complete | AK31: NA | AL31: 1 | AM31: 46337 | AN31: 46343 | AO31: Not Started | AP31: 0
A32: B-24-04663-CP41 | B32: 41425 | C32: 1 | D32: 46146 | E32: 46157 | F32: Complete | G32: is not on site | H32: 1 | I32: 46160 | J32: 46169 | K32: Not Started | L32: Missing Upstrem / Downstrem Conveyor installation | M32: 0 | N32: 46160 | O32: 46169 | P32: Not Started | Q32: Missing Upstrem / Downstrem Conveyor installation | R32: 0 | S32: 46198 | T32: 46207 | U32: Complete | V32: MDR Belted Section | W32: 1 | X32: 46218 | Y32: 46222 | Z32: Not Started | AA32: Missing Upstrem / Downstrem Conveyor installation | AB32: 0 | AC32: 46223 | AD32: 46232 | AE32: Complete | AF32: NA-prefitted SG | AG32: 1 | AH32: 46243 | AI32: 46250 | AJ32: Complete | AK32: NA | AL32: 1 | AM32: 46337 | AN32: 46343 | AO32: Not Started | AP32: 0
A33: B-24-04663-CP41 | B33: 41430 | C33: 1 | D33: 46146 | E33: 46157 | F33: Complete | G33: Complete | H33: 1 | I33: 46160 | J33: 46169 | K33: Not Started | L33: Connected Transnorm (PBC) not on site | M33: 0 | N33: 46160 | O33: 46169 | P33: Not Started | Q33: Connected Transnorm (PBC) not on site | R33: 0 | S33: 46198 | T33: 46207 | U33: Complete | V33: Complete | W33: 1 | X33: 46218 | Y33: 46222 | Z33: Complete | AA33: Complete | AB33: 1 | AC33: 46223 | AD33: 46232 | AE33: Complete | AF33: Complete | AG33: 1 | AH33: 46243 | AI33: 46250 | AJ33: Complete | AK33: NA | AL33: 1 | AM33: 46337 | AN33: 46343 | AO33: Not Started | AP33: 0
A34: B-24-04663-CP41 | B34: 41440 | C34: 1 | D34: 46146 | E34: 46157 | F34: Not Started | G34: Not Started | H34: 0 | I34: 46160 | J34: 46169 | K34: Complete | L34: Complete | M34: 1 | N34: 46160 | O34: 46169 | P34: Complete | Q34: Complete | R34: 1 | S34: 46198 | T34: 46207 | U34: Complete | V34: Complete | W34: 1 | X34: 46218 | Y34: 46222 | Z34: Complete | AA34: Complete | AB34: 1 | AC34: 46223 | AD34: 46232 | AE34: Complete | AF34: Connected Transnorm (PBC) not on site | AG34: 0.7 | AH34: 46243 | AI34: 46250 | AJ34: Complete | AK34: NA | AL34: 1 | AM34: 46337 | AN34: 46343 | AO34: Not Started | AP34: 0
A35: B-24-04663-CP41 | B35: 41525 | C35: 1 | D35: 46146 | E35: 46157 | F35: Complete | G35: Is not on site | H35: 1 | I35: 46170 | J35: 46183 | K35: Not Started | L35: Missing Upstrem / Downstrem Conveyor installation | M35: 0 | N35: 46170 | O35: 46183 | P35: Not Started | Q35: Missing Upstrem / Downstrem Conveyor installation | R35: 0 | S35: 46198 | T35: 46207 | U35: Complete | V35: MDR Belted Section | W35: 1 | X35: 46218 | Y35: 46222 | Z35: Not Started | AA35: Missing Upstrem / Downstrem Conveyor installation | AB35: 0 | AC35: 46223 | AD35: 46232 | AE35: Complete | AF35: NA-prefitted SG | AG35: 1 | AH35: 46243 | AI35: 46250 | AJ35: Complete | AK35: NA | AL35: 1 | AM35: 46337 | AN35: 46343 | AO35: Not Started | AP35: 0
... A120: B-24-04663-CP41 | B120: 41870 | C120: 1 | D120: 46146 | E120: 46157 | F120: Complete | G120: Complete | H120: 1 | I120: 46198 | J120: 46211 | K120: Complete | L120: Complete | M120: 1 | N120: 46198 | O120: 46211 | P120: Complete | Q120: Complete | R120: 1 | S120: 46209 | T120: 46218 | U120: Complete | V120: Complete | W120: 1 | X120: 46218 | Y120: 46222 | Z120: Complete | AA120: Complete | AB120: 1 | AC120: 46233 | AD120: 46242 | AE120: Complete | AF120: Complete | AG120: 1 | AH120: 46243 | AI120: 46250 | AJ120: Complete | AK120: NA | AL120: 1 | AM120: 46337 | AN120: 46343 | AO120: Not Started | AP120: 0
A121: Total | C121: =SUM(C3:C120) -> 118 | H121: =AVERAGE(H3:H120) -> 0.35720339 | M121: =AVERAGE(M3:M120) -> 0.22161017 | R121: =AVERAGE(R3:R120) -> 0.19915254 | W121: =AVERAGE(W3:W120) -> 0.33474576 | AB121: =AVERAGE(AB3:AB120) -> 0.22033898 | AG121: =AVERAGE(AG3:AG120) -> 0.3220339 | AL121: =AVERAGE(AL3:AL120) -> 0.95762712 | AP121: =AVERAGE(AP3:AP120) -> 0
A123: Summary
A124: Task | B124: Weight | C124: Weighted Totals | D124: Complete | E124: Complete %
A125: Prep | B125: 0.1 | C125: =118*B125 -> 11.8 | D125: =SUM(H3:H120)*0.1 -> 4.215 | E125: =D125/C125 -> 0.35720339
A126: Erected | B126: 0.3 | C126: =118*B126 -> 35.4 | D126: =SUM(M3:M120)*0.3 -> 7.845 | E126: =D126/C126 -> 0.22161017
A127: Anchored | B127: 0.1 | C127: =118*B127 -> 11.8 | D127: =SUM(R3:R120)*0.1 -> 2.35 | E127: =D127/C127 -> 0.19915254
A128: Belting | B128: 0.2 | C128: =118*B128 -> 23.6 | D128: =SUM(W3:W120)*0.2 -> 7.9 | E128: =D128/C128 -> 0.33474576
A129: Bottom Pans | B129: 0.05 | C129: =118*B129 -> 5.9 | D129: =SUM(AB3:AB120)*0.05 -> 1.3 | E129: =D129/C129 -> 0.22033898
A130: Side Guide | B130: 0.2 | C130: =118*B130 -> 23.6 | D130: =SUM(AG3:AG120)*0.2 -> 7.6 | E130: =D130/C130 -> 0.3220339
A131: Netting | B131: 0.05 | C131: =118*B131 -> 5.9 | D131: =SUM(AL3:AL120)*0.05 -> 5.65 | E131: =D131/C131 -> 0.95762712
A132: Total Completion | B132: =SUM(B125:B131) -> 1 | C132: =SUM(C125:C131) -> 118 | D132: =SUM(D125:D131) -> 36.86 | E132: =D132/C132 -> 0.31237288

Sheet CP42
A1: CP | B1: Asset | C1: Length | D1: Prep -10% | I1: Erected 30% | N1: Anchored 10% | S1: Belting - 20% | X1: Bottom Pans - 5% | AC1: Side Guide - 20% | AH1: Netting Bracket - 5% | AM1: Run-in
D2: Start | E2: Finish | F2: Status | G2: Notes | H2: % Complete | I2: Start | J2: Finish | K2: Status | L2: Notes | M2: % Complete | N2: Start | O2: Finish | P2: Status | Q2: Notes | R2: % Complete | S2: Start | T2: Finish | U2: Status | V2: Notes | W2: % Complete | X2: Start | Y2: Finish | Z2: Status | AA2: Notes | AB2: % Complete | AC2: Start | AD2: Finish | AE2: Status | AF2: Notes | AG2: % Complete | AH2: Start | AI2: Finish | AJ2: Status | AK2: Notes | AL2: % Complete | AM2: Start | AN2: Finish | AO2: Status | AP2: % Complete
A3: B-24-04663-CP42 | B3: 42255 | C3: 1 | D3: 46146 | E3: 46155 | F3: Complete | G3: end idler missing | H3: 1 | I3: 46156 | J3: 46165 | K3: Not Started | L3: Will be a new design (short supports) | M3: 0 | N3: 46156 | O3: 46165 | P3: Not Started | Q3: Not anchored due to concrete joint and future change on the structure MPH13 | R3: 0 | S3: 46198 | T3: 46212 | U3: WIP | V3: missing material delivery | W3: 0.5 | X3: 46218 | Y3: 46222 | Z3: Not started | AA3: Waiting for new belt shipment | AB3: 0 | AC3: 46223 | AD3: 46232 | AE3: Complete | AF3: Complete | AG3: 1 | AH3: 46243 | AI3: 46250 | AJ3: Blocked | AK3: Missing Material Delivery | AL3: 0 | AM3: 46337 | AN3: 46343 | AO3: Not Started | AP3: 0
A4: B-24-04663-CP42 | B4: 42205 | C4: 1 | D4: 46146 | E4: 46155 | F4: Complete | G4: Complete | H4: 1 | I4: 46156 | J4: 46165 | K4: Not Started | L4: Will be a new design (short supports) | M4: 0 | N4: 46156 | O4: 46165 | P4: Not Started | Q4: Not anchored due to concrete joint and future change on the structure MPH13 | R4: 0 | S4: 46198 | T4: 46212 | U4: Complete | V4: Complete | W4: 1 | X4: 46218 | Y4: 46222 | Z4: Not started | AA4: Belts are not installed | AB4: 0 | AC4: 46223 | AD4: 46232 | AE4: Complete | AF4: Complete | AG4: 1 | AH4: 46243 | AI4: 46250 | AJ4: Blocked | AK4: Missing Material Delivery | AL4: 0 | AM4: 46337 | AN4: 46343 | AO4: Not Started | AP4: 0
A5: B-24-04663-CP42 | B5: 42405 | C5: 1 | D5: 46146 | E5: 46155 | F5: Complete | G5: Complete | H5: 1 | I5: 46156 | J5: 46165 | K5: Complete | L5: Complete | M5: 1 | N5: 46156 | O5: 46165 | P5: Complete | Q5: Complete | R5: 1 | S5: 46198 | T5: 46212 | U5: WIP | V5: Waiting for new belt shipment | W5: 0.5 | X5: 46218 | Y5: 46222 | Z5: Not started | AA5: Waiting for new belt shipment | AB5: 0 | AC5: 46223 | AD5: 46232 | AE5: Complete | AF5: Complete | AG5: 1 | AH5: 46243 | AI5: 46250 | AJ5: Blocked | AK5: Missing Material Delivery | AL5: 0 | AM5: 46337 | AN5: 46343 | AO5: Not Started | AP5: 0
A6: B-24-04663-CP42 | B6: 42505 | C6: 1 | D6: 46146 | E6: 46155 | F6: Complete | G6: Complete | H6: 1 | I6: 46156 | J6: 46165 | K6: Complete | L6: Complete | M6: 1 | N6: 46156 | O6: 46165 | P6: Complete | Q6: Complete | R6: 1 | S6: 46198 | T6: 46212 | U6: WIP | V6: Waiting for new belt shipment | W6: 0.5 | X6: 46218 | Y6: 46222 | Z6: Not started | AA6: Waiting for new belt shipment | AB6: 0 | AC6: 46223 | AD6: 46232 | AE6: Complete | AF6: Complete | AG6: 1 | AH6: 46243 | AI6: 46250 | AJ6: Blocked | AK6: Missing Material Delivery | AL6: 0 | AM6: 46337 | AN6: 46343 | AO6: Not Started | AP6: 0
A7: B-24-04663-CP42 | B7: 42605 | C7: 1 | D7: 46146 | E7: 46155 | F7: Complete | G7: Complete | H7: 1 | I7: 46156 | J7: 46165 | K7: Complete | L7: Complete | M7: 1 | N7: 46156 | O7: 46165 | P7: Complete | Q7: Complete | R7: 1 | S7: 46198 | T7: 46212 | U7: WIP | V7: Waiting for new belt shipment | W7: 0.5 | X7: 46218 | Y7: 46222 | Z7: Not started | AA7: Waiting for new belt shipment | AB7: 0 | AC7: 46223 | AD7: 46232 | AE7: Complete | AF7: Complete | AG7: 1 | AH7: 46243 | AI7: 46250 | AJ7: Blocked | AK7: Missing Material Delivery | AL7: 0 | AM7: 46337 | AN7: 46343 | AO7: Not Started | AP7: 0
A8: B-24-04663-CP42 | B8: 42705 | C8: 1 | D8: 46146 | E8: 46155 | F8: Complete | G8: Complete | H8: 1 | I8: 46156 | J8: 46165 | K8: Complete | L8: Complete | M8: 1 | N8: 46156 | O8: 46165 | P8: Complete | Q8: Complete | R8: 1 | S8: 46198 | T8: 46212 | U8: WIP | V8: Waiting for new belt shipment | W8: 0.5 | X8: 46218 | Y8: 46222 | Z8: Not started | AA8: Waiting for new belt shipment | AB8: 0 | AC8: 46223 | AD8: 46232 | AE8: Complete | AF8: Complete | AG8: 1 | AH8: 46243 | AI8: 46250 | AJ8: Blocked | AK8: Missing Material Delivery | AL8: 0 | AM8: 46337 | AN8: 46343 | AO8: Not Started | AP8: 0
A9: B-24-04663-CP42 | B9: 42805 | C9: 1 | D9: 46146 | E9: 46155 | F9: Complete | G9: Complete | H9: 1 | I9: 46156 | J9: 46165 | K9: Complete | L9: Complete | M9: 1 | N9: 46156 | O9: 46165 | P9: Complete | Q9: Complete | R9: 1 | S9: 46198 | T9: 46212 | U9: WIP | V9: Waiting for new belt shipment | W9: 0.5 | X9: 46218 | Y9: 46222 | Z9: Not started | AA9: Waiting for new belt shipment | AB9: 0 | AC9: 46223 | AD9: 46232 | AE9: Complete | AF9: Complete | AG9: 1 | AH9: 46243 | AI9: 46250 | AJ9: Complete | AK9: NA | AL9: 1 | AM9: 46337 | AN9: 46343 | AO9: Not Started | AP9: 0
A10: B-24-04663-CP42 | B10: 42510 | C10: 1 | D10: 46146 | E10: 46155 | F10: Complete | G10: Complete | H10: 1 | I10: 46156 | J10: 46165 | K10: Complete | L10: Complete | M10: 1 | N10: 46156 | O10: 46165 | P10: Complete | Q10: Complete | R10: 1 | S10: 46198 | T10: 46212 | U10: Complete | V10: Complete | W10: 1 | X10: 46218 | Y10: 46222 | Z10: Complete | AA10: Complete | AB10: 1 | AC10: 46223 | AD10: 46232 | AE10: Complete | AF10: Complete | AG10: 1 | AH10: 46243 | AI10: 46250 | AJ10: Blocked | AK10: Missing Material Delivery | AL10: 0 | AM10: 46337 | AN10: 46343 | AO10: Not Started | AP10: 0
A11: B-24-04663-CP42 | B11: 42610 | C11: 1 | D11: 46146 | E11: 46155 | F11: Complete | G11: Complete | H11: 1 | I11: 46156 | J11: 46165 | K11: Not Started | L11: Waiting for material to be delivered (Hat channles) | M11: 0 | N11: 46156 | O11: 46165 | P11: Not Started | Q11: Waiting M.E | R11: 0 | S11: 46198 | T11: 46212 | U11: Complete | V11: Complete | W11: 1 | X11: 46218 | Y11: 46222 | Z11: Complete | AA11: Complete | AB11: 1 | AC11: 46223 | AD11: 46232 | AE11: Complete | AF11: Complete | AG11: 1 | AH11: 46243 | AI11: 46250 | AJ11: Blocked | AK11: Missing Material Delivery | AL11: 0 | AM11: 46337 | AN11: 46343 | AO11: Not Started | AP11: 0
A12: B-24-04663-CP42 | B12: 42710 | C12: 1 | D12: 46146 | E12: 46155 | F12: Complete | G12: Complete | H12: 1 | I12: 46156 | J12: 46165 | K12: Not Started | L12: Waiting for material to be delivered (Hat channles) | M12: 0 | N12: 46156 | O12: 46165 | P12: Not Started | Q12: Waiting M.E | R12: 0 | S12: 46198 | T12: 46212 | U12: Complete | V12: Complete | W12: 1 | X12: 46218 | Y12: 46222 | Z12: Complete | AA12: Complete | AB12: 1 | AC12: 46223 | AD12: 46232 | AE12: Complete | AF12: Complete | AG12: 1 | AH12: 46243 | AI12: 46250 | AJ12: Complete | AK12: NA | AL12: 1 | AM12: 46337 | AN12: 46343 | AO12: Not Started | AP12: 0
A13: B-24-04663-CP42 | B13: 42810 | C13: 1 | D13: 46146 | E13: 46155 | F13: Complete | G13: Complete | H13: 1 | I13: 46156 | J13: 46165 | K13: Not Started | L13: Waiting for material to be delivered (Hat channles) | M13: 0 | N13: 46156 | O13: 46165 | P13: Not Started | Q13: Waiting M.E | R13: 0 | S13: 46198 | T13: 46212 | U13: Complete | V13: Complete | W13: 1 | X13: 46218 | Y13: 46222 | Z13: Complete | AA13: Complete | AB13: 1 | AC13: 46223 | AD13: 46232 | AE13: Complete | AF13: Complete | AG13: 1 | AH13: 46243 | AI13: 46250 | AJ13: Complete | AK13: NA | AL13: 1 | AM13: 46337 | AN13: 46343 | AO13: Not Started | AP13: 0
A14: B-24-04663-CP42 | B14: 42855 | C14: 1 | D14: 46146 | E14: 46155 | F14: Complete | G14: Complete | H14: 1 | I14: 46156 | J14: 46165 | K14: Complete | L14: Complete | M14: 1 | N14: 46156 | O14: 46165 | P14: Complete | Q14: Complete | R14: 1 | S14: 46198 | T14: 46212 | U14: WIP | V14: Waiting for new belt shipment | W14: 0.5 | X14: 46218 | Y14: 46222 | Z14: Not started | AA14: Waiting for new belt shipment | AB14: 0 | AC14: 46223 | AD14: 46232 | AE14: Complete | AF14: Complete | AG14: 1 | AH14: 46243 | AI14: 46250 | AJ14: Complete | AK14: NA | AL14: 1 | AM14: 46337 | AN14: 46343 | AO14: Not Started | AP14: 0
A15: B-24-04663-CP42 | B15: 42090 | C15: 1 | D15: 46146 | E15: 46155 | F15: Complete | G15: DEEP END IDLER CONNECTION BRACKET O PLATE | H15: 1 | I15: 46166 | J15: 46175 | K15: Complete | L15: Complete | M15: 1 | N15: 46166 | O15: 46175 | P15: Complete | Q15: Complete | R15: 1 | S15: 46198 | T15: 46212 | U15: Not Started | V15: missing material delivery | W15: 0 | X15: 46218 | Y15: 46222 | Z15: Not started | AA15: missing material delivery | AB15: 0 | AC15: 46223 | AD15: 46232 | AE15: Complete | AF15: Complete | AG15: 1 | AH15: 46243 | AI15: 46250 | AJ15: Blocked | AK15: Missing Material Delivery | AL15: 0 | AM15: 46337 | AN15: 46343 | AO15: Not Started | AP15: 0
A16: B-24-04663-CP42 | B16: 42092 | C16: 1 | D16: 46146 | E16: 46155 | F16: Complete | G16: DEEP END IDLER CONNECTION BRACKET O PLATE | H16: 1 | I16: 46166 | J16: 46175 | K16: Complete | L16: Complete | M16: 1 | N16: 46166 | O16: 46175 | P16: Complete | Q16: Complete | R16: 1 | S16: 46198 | T16: 46212 | U16: Not Started | V16: missing material delivery | W16: 0 | X16: 46218 | Y16: 46222 | Z16: Not started | AA16: missing material delivery | AB16: 0 | AC16: 46223 | AD16: 46232 | AE16: Complete | AF16: Complete | AG16: 1 | AH16: 46243 | AI16: 46250 | AJ16: Blocked | AK16: Missing Material Delivery | AL16: 0 | AM16: 46337 | AN16: 46343 | AO16: Not Started | AP16: 0
A17: B-24-04663-CP42 | B17: 42094 | C17: 1 | D17: 46146 | E17: 46155 | F17: Complete | G17: DEEP END IDLER CONNECTION BRACKET O PLATE | H17: 1 | I17: 46166 | J17: 46175 | K17: Complete | L17: Complete | M17: 1 | N17: 46166 | O17: 46175 | P17: Complete | Q17: Complete | R17: 1 | S17: 46198 | T17: 46212 | U17: Not Started | V17: missing material delivery | W17: 0 | X17: 46218 | Y17: 46222 | Z17: Not started | AA17: missing material delivery | AB17: 0 | AC17: 46223 | AD17: 46232 | AE17: Complete | AF17: Complete | AG17: 1 | AH17: 46243 | AI17: 46250 | AJ17: Blocked | AK17: Missing Material Delivery | AL17: 0 | AM17: 46337 | AN17: 46343 | AO17: Not Started | AP17: 0
A18: B-24-04663-CP42 | B18: 42096 | C18: 1 | D18: 46146 | E18: 46155 | F18: Complete | G18: DEEP END IDLER CONNECTION BRACKET O PLATE | H18: 1 | I18: 46166 | J18: 46175 | K18: Complete | L18: Complete | M18: 1 | N18: 46166 | O18: 46175 | P18: Complete | Q18: Complete | R18: 1 | S18: 46198 | T18: 46212 | U18: Not Started | V18: missing material delivery | W18: 0 | X18: 46218 | Y18: 46222 | Z18: Not started | AA18: missing material delivery | AB18: 0 | AC18: 46223 | AD18: 46232 | AE18: Complete | AF18: Complete | AG18: 1 | AH18: 46243 | AI18: 46250 | AJ18: Blocked | AK18: Missing Material Delivery | AL18: 0 | AM18: 46337 | AN18: 46343 | AO18: Not Started | AP18: 0
A19: B-24-04663-CP42 | B19: 42098 | C19: 1 | D19: 46146 | E19: 46155 | F19: Complete | G19: Complete | H19: 1 | I19: 46166 | J19: 46175 | K19: Not Started | L19: At the green-mile , should be on short supports on top of strucure | M19: 0 | N19: 46166 | O19: 46175 | P19: Not Started | Q19: At the green-mile , should be on short supports on top of strucure | R19: 0 | S19: 46198 | T19: 46212 | U19: Complete | V19: Complete | W19: 1 | X19: 46218 | Y19: 46222 | Z19: Complete | AA19: Complete | AB19: 1 | AC19: 46223 | AD19: 46232 | AE19: Not Started | AF19: Complete | AG19: 1 | AH19: 46243 | AI19: 46250 | AJ19: Complete | AK19: NA | AL19: 1 | AM19: 46337 | AN19: 46343 | AO19: Not Started | AP19: 0
A20: B-24-04663-CP42 | B20: 42100 | C20: 1 | D20: 46146 | E20: 46155 | F20: Not Started | G20: Missing material delivery | H20: 0 | I20: 46166 | J20: 46175 | K20: Not Started | L20: Missing material delivery | M20: 0 | N20: 46166 | O20: 46175 | P20: Not Started | Q20: Missing material delivery | R20: 0 | S20: 46198 | T20: 46212 | U20: Not Started | V20: missing material delivery | W20: 0 | X20: 46218 | Y20: 46222 | Z20: Not started | AA20: missing material delivery | AB20: 0 | AC20: 46223 | AD20: 46232 | AE20: Not Started | AF20: missing material delivery | AG20: 0 | AH20: 46243 | AI20: 46250 | AJ20: Blocked | AK20: Missing Material Delivery | AL20: 0 | AM20: 46337 | AN20: 46343 | AO20: Not Started | AP20: 0
A21: B-24-04663-CP42 | B21: 42105 | C21: 1 | D21: 46146 | E21: 46155 | F21: In Progress | G21: 3-phase to confirm | H21: 0.5 | I21: 46166 | J21: 46175 | K21: Not Started | L21: Missing material delivery | M21: 0 | N21: 46166 | O21: 46175 | P21: Not Started | Q21: Missing material delivery | R21: 0 | S21: 46198 | T21: 46212 | U21: Not Started | V21: missing material delivery | W21: 0 | X21: 46218 | Y21: 46222 | Z21: Not started | AA21: missing material delivery | AB21: 0 | AC21: 46223 | AD21: 46232 | AE21: Not Started | AF21: missing material delivery | AG21: 0 | AH21: 46243 | AI21: 46250 | AJ21: Blocked | AK21: Missing Material Delivery | AL21: 0 | AM21: 46337 | AN21: 46343 | AO21: Not Started | AP21: 0
A22: B-24-04663-CP42 | B22: 42110 | C22: 1 | D22: 46146 | E22: 46155 | F22: In Progress | G22: Complete | H22: 1 | I22: 46166 | J22: 46175 | K22: Not Started | L22: Complete | M22: 1 | N22: 46166 | O22: 46175 | P22: Not Started | Q22: Complete | R22: 1 | S22: 46213 | T22: 46217 | U22: Not Started | V22: missing material delivery | W22: 0 | X22: 46218 | Y22: 46222 | Z22: Not started | AA22: missing material delivery | AB22: 0 | AC22: 46233 | AD22: 46242 | AE22: Not Started | AF22: Complete | AG22: 1 | AH22: 46243 | AI22: 46250 | AJ22: Blocked | AK22: Missing Material Delivery | AL22: 0 | AM22: 46337 | AN22: 46343 | AO22: Not Started | AP22: 0
A23: B-24-04663-CP42 | B23: 42114 | C23: 1 | D23: 46146 | E23: 46155 | F23: Complete | G23: Complete | H23: 1 | I23: 46175 | J23: 46184 | K23: Not Started | L23: Complete | M23: 1 | N23: 46175 | O23: 46184 | P23: Not Started | Q23: Complete | R23: 1 | S23: 46213 | T23: 46217 | U23: Complete | V23: Complete | W23: 1 | X23: 46218 | Y23: 46222 | Z23: Complete | AA23: Complete | AB23: 1 | AC23: 46233 | AD23: 46242 | AE23: Complete | AF23: Complete | AG23: 1 | AH23: 46243 | AI23: 46250 | AJ23: Blocked | AK23: Missing Material Delivery | AL23: 0 | AM23: 46337 | AN23: 46343 | AO23: Not Started | AP23: 0
A24: B-24-04663-CP42 | B24: 42215 | C24: 1 | D24: 46146 | E24: 46155 | F24: In Progress | G24: Not complete due to cut to fit | H24: 0.25 | I24: 46175 | J24: 46184 | K24: Not Started | L24: waiting for upstrem conveyor to install | M24: 0 | N24: 46175 | O24: 46184 | P24: Not Started | Q24: Not anchored due to concrete joint | R24: 0 | S24: 46213 | T24: 46217 | U24: Not Started | V24: waiting for upstrem conveyor to install | W24: 0 | X24: 46218 | Y24: 46222 | Z24: Not started | AA24: waiting for upstrem conveyor to install | AB24: 0 | AC24: 46233 | AD24: 46242 | AE24: Not Started | AF24: waiting for upstrem conveyor to install | AG24: 0 | AH24: 46243 | AI24: 46250 | AJ24: Blocked | AK24: Missing Material Delivery | AL24: 0 | AM24: 46337 | AN24: 46343 | AO24: Not Started | AP24: 0
A25: B-24-04663-CP42 | B25: 42265 | C25: 1 | D25: 46146 | E25: 46155 | F25: In Progress | G25: Missing 9'0 SB (Drive has to be intalled in this bed) | H25: 0.25 | I25: 46175 | J25: 46184 | K25: Not Started | L25: waiting for upstrem conveyor to install | M25: 0 | N25: 46175 | O25: 46184 | P25: Not Started | Q25: Upstrem conveyor | R25: 0 | S25: 46213 | T25: 46217 | U25: Not Started | V25: waiting for upstrem conveyor to install | W25: 0 | X25: 46218 | Y25: 46222 | Z25: Not started | AA25: waiting for upstrem conveyor to install | AB25: 0 | AC25: 46233 | AD25: 46242 | AE25: Not Started | AF25: waiting for upstrem conveyor to install | AG25: 0 | AH25: 46243 | AI25: 46250 | AJ25: Blocked | AK25: Missing Material Delivery | AL25: 0 | AM25: 46337 | AN25: 46343 | AO25: Not Started | AP25: 0
A26: B-24-04663-CP42 | B26: 42360 | C26: 1 | D26: 46146 | E26: 46155 | F26: Complete | G26: Complete | H26: 1 | I26: 46175 | J26: 46184 | K26: Not Started | L26: Waiting for material to be delivered (Hat channles) | M26: 0 | N26: 46175 | O26: 46184 | P26: Not Started | Q26: Missing material | R26: 0 | S26: 46213 | T26: 46217 | U26: Complete | V26: Complete | W26: 1 | X26: 46218 | Y26: 46222 | Z26: Complete | AA26: Complete | AB26: 1 | AC26: 46233 | AD26: 46242 | AE26: Complete | AF26: Complete | AG26: 1 | AH26: 46243 | AI26: 46250 | AJ26: Blocked | AK26: Missing Material Delivery | AL26: 0 | AM26: 46337 | AN26: 46343 | AO26: Not Started | AP26: 0
A27: B-24-04663-CP42 | B27: 42315 | C27: 1 | D27: 46146 | E27: 46155 | F27: Complete | G27: Complete | H27: 1 | I27: 46175 | J27: 46184 | K27: Not Started | L27: No straddle supports on site | M27: 0 | N27: 46175 | O27: 46184 | P27: Not Started | Q27: No straddle supports on site | R27: 0 | S27: 46213 | T27: 46217 | U27: Not Started | V27: No Straddle Supports on site | W27: 0 | X27: 46218 | Y27: 46222 | Z27: Not started | AA27: No Straddle Supports on site | AB27: 0 | AC27: 46233 | AD27: 46242 | AE27: Not Started | AF27: No Straddle Supports on site | AG27: 0 | AH27: 46243 | AI27: 46250 | AJ27: Complete | AK27: NA | AL27: 1 | AM27: 46337 | AN27: 46343 | AO27: Not Started | AP27: 0
A28: B-24-04663-CP42 | B28: 42365 | C28: 1 | D28: 46146 | E28: 46155 | F28: Complete | G28: Complete | H28: 1 | I28: 46175 | J28: 46184 | K28: Not Started | L28: No straddle supports on site | M28: 0 | N28: 46175 | O28: 46184 | P28: Not Started | Q28: No straddle supports on site | R28: 0 | S28: 46213 | T28: 46217 | U28: Not Started | V28: No Straddle Supports on site | W28: 0 | X28: 46218 | Y28: 46222 | Z28: Not started | AA28: No Straddle Supports on site | AB28: 0 | AC28: 46233 | AD28: 46242 | AE28: Not Started | AF28: No Straddle Supports on site | AG28: 0 | AH28: 46243 | AI28: 46250 | AJ28: Complete | AK28: NA | AL28: 1 | AM28: 46337 | AN28: 46343 | AO28: Not Started | AP28: 0
A29: B-24-04663-CP42 | B29: 42415 | C29: 1 | D29: 46146 | E29: 46155 | F29: Complete | G29: Complete | H29: 1 | I29: 46175 | J29: 46184 | K29: Not Started | L29: No straddle supports on site | M29: 0 | N29: 46175 | O29: 46184 | P29: Not Started | Q29: No straddle supports on site | R29: 0 | S29: 46213 | T29: 46217 | U29: Not Started | V29: No Straddle Supports on site | W29: 0 | X29: 46218 | Y29: 46222 | Z29: Not started | AA29: No Straddle Supports on site | AB29: 0 | AC29: 46233 | AD29: 46242 | AE29: Not Started | AF29: No Straddle Supports on site | AG29: 0 | AH29: 46243 | AI29: 46250 | AJ29: Complete | AK29: NA | AL29: 1 | AM29: 46337 | AN29: 46343 | AO29: Not Started | AP29: 0
A30: B-24-04663-CP42 | B30: 42515 | C30: 1 | D30: 46146 | E30: 46155 | F30: Complete | G30: Complete | H30: 1 | I30: 46175 | J30: 46184 | K30: Not Started | L30: No straddle supports on site | M30: 0 | N30: 46175 | O30: 46184 | P30: Not Started | Q30: No straddle supports on site | R30: 0 | S30: 46213 | T30: 46217 | U30: Not Started | V30: No Straddle Supports on site | W30: 0 | X30: 46218 | Y30: 46222 | Z30: Not started | AA30: No Straddle Supports on site | AB30: 0 | AC30: 46233 | AD30: 46242 | AE30: Not Started | AF30: No Straddle Supports on site | AG30: 0 | AH30: 46243 | AI30: 46250 | AJ30: Complete | AK30: NA | AL30: 1 | AM30: 46337 | AN30: 46343 | AO30: Not Started | AP30: 0
A31: B-24-04663-CP42 | B31: 42615 | C31: 1 | D31: 46146 | E31: 46155 | F31: Complete | G31: Complete | H31: 1 | I31: 46175 | J31: 46184 | K31: Not Started | L31: No straddle supports on site | M31: 0 | N31: 46175 | O31: 46184 | P31: Not Started | Q31: No straddle supports on site | R31: 0 | S31: 46213 | T31: 46217 | U31: Not Started | V31: No Straddle Supports on site | W31: 0 | X31: 46218 | Y31: 46222 | Z31: Not started | AA31: No Straddle Supports on site | AB31: 0 | AC31: 46233 | AD31: 46242 | AE31: Not Started | AF31: No Straddle Supports on site | AG31: 0 | AH31: 46243 | AI31: 46250 | AJ31: Complete | AK31: NA | AL31: 1 | AM31: 46337 | AN31: 46343 | AO31: Not Started | AP31: 0
A32: B-24-04663-CP42 | B32: 42715 | C32: 1 | D32: 46146 | E32: 46155 | F32: Complete | G32: Complete | H32: 1 | I32: 46185 | J32: 46194 | K32: Not Started | L32: No straddle supports on site | M32: 0 | N32: 46185 | O32: 46194 | P32: Not Started | Q32: No straddle supports on site | R32: 0 | S32: 46213 | T32: 46217 | U32: Not Started | V32: No Straddle Supports on site | W32: 0 | X32: 46218 | Y32: 46222 | Z32: Not started | AA32: No Straddle Supports on site | AB32: 0 | AC32: 46233 | AD32: 46242 | AE32: Not Started | AF32: No Straddle Supports on site | AG32: 0 | AH32: 46243 | AI32: 46250 | AJ32: Complete | AK32: NA | AL32: 1 | AM32: 46337 | AN32: 46343 | AO32: Not Started | AP32: 0
A33: B-24-04663-CP42 | B33: 42815 | C33: 1 | D33: 46146 | E33: 46155 | F33: Complete | G33: Complete | H33: 1 | I33: 46185 | J33: 46194 | K33: Not Started | L33: No straddle supports on site | M33: 0 | N33: 46185 | O33: 46194 | P33: Not Started | Q33: No straddle supports on site | R33: 0 | S33: 46213 | T33: 46217 | U33: Not Started | V33: No Straddle Supports on site | W33: 0 | X33: 46218 | Y33: 46222 | Z33: Not started | AA33: No Straddle Supports on site | AB33: 0 | AC33: 46233 | AD33: 46242 | AE33: Not Started | AF33: No Straddle Supports on site | AG33: 0 | AH33: 46243 | AI33: 46250 | AJ33: Complete | AK33: NA | AL33: 1 | AM33: 46337 | AN33: 46343 | AO33: Not Started | AP33: 0
A34: B-24-04663-CP42 | B34: 42860 | C34: 1 | D34: 46146 | E34: 46155 | F34: Complete | G34: Complete | H34: 1 | I34: 46185 | J34: 46194 | K34: Not Started | L34: Waiting for material to be delivered (Hat channles) | M34: 0 | N34: 46185 | O34: 46194 | P34: Not Started | Q34: Missing material | R34: 0 | S34: 46213 | T34: 46217 | U34: Complete | V34: Complete | W34: 1 | X34: 46218 | Y34: 46222 | Z34: Complete | AA34: Complete | AB34: 1 | AC34: 46233 | AD34: 46242 | AE34: Complete | AF34: Complete | AG34: 1 | AH34: 46243 | AI34: 46250 | AJ34: Blocked | AK34: Missing Material Delivery | AL34: 0 | AM34: 46337 | AN34: 46343 | AO34: Not Started | AP34: 0
A35: B-24-04663-CP42 | B35: 42865 | C35: 1 | D35: 46146 | E35: 46155 | F35: Complete | G35: Complete | H35: 1 | I35: 46185 | J35: 46194 | K35: Not Started | L35: No straddle supports on site | M35: 0 | N35: 46185 | O35: 46194 | P35: Not Started | Q35: No straddle supports on site | R35: 0 | S35: 46213 | T35: 46217 | U35: Not Started | V35: No Straddle Supports on site | W35: 0 | X35: 46218 | Y35: 46222 | Z35: Not started | AA35: No Straddle Supports on site | AB35: 0 | AC35: 46233 | AD35: 46242 | AE35: Not Started | AF35: No Straddle Supports on site | AG35: 0 | AH35: 46243 | AI35: 46250 | AJ35: Complete | AK35: NA | AL35: 1 | AM35: 46337 | AN35: 46343 | AO35: Not Started | AP35: 0
A36: B-24-04663-CP42 | B36: 42305 | C36: 1 | D36: 46146 | E36: 46155 | F36: Complete | G36: Complete | H36: 1 | I36: 46185 | J36: 46194 | K36: Not Started | L36: Complete | M36: 1 | N36: 46185 | O36: 46194 | P36: Not Started | Q36: Complete | R36: 1 | S36: 46213 | T36: 46217 | U36: WIP | V36: Waiting for new belt shipment | W36: 0.5 | X36: 46218 | Y36: 46222 | Z36: Not started | AA36: Waiting for new belt shipment | AB36: 0 | AC36: 46233 | AD36: 46242 | AE36: Complete | AF36: Complete | AG36: 1 | AH36: 46243 | AI36: 46250 | AJ36: Blocked | AK36: Missing Material Delivery | AL36: 0 | AM36: 46337 | AN36: 46343 | AO36: Not Started | AP36: 0
A37: B-24-04663-CP42 | B37: 42355 | C37: 1 | D37: 46146 | E37: 46155 | F37: Complete | G37: Complete | H37: 1 | I37: 46185 | J37: 46194 | K37: Not Started | L37: Complete | M37: 1 | N37: 46185 | O37: 46194 | P37: Not Started | Q37: Complete | R37: 1 | S37: 46213 | T37: 46217 | U37: WIP | V37: Waiting for new belt shipment | W37: 0.5 | X37: 46218 | Y37: 46222 | Z37: Not started | AA37: Waiting for new belt shipment | AB37: 0 | AC37: 46233 | AD37: 46242 | AE37: Complete | AF37: Complete | AG37: 1 | AH37: 46243 | AI37: 46250 | AJ37: Blocked | AK37: Missing Material Delivery | AL37: 0 | AM37: 46337 | AN37: 46343 | AO37: Not Started | AP37: 0
A38: B-24-04663-CP42 | B38: 42210 | C38: 1 | D38: 46146 | E38: 46155 | F38: Complete | G38: drive wrong low profile | H38: 1 | I38: 46185 | J38: 46194 | K38: Not Started | L38: Missing material delivery | M38: 0 | N38: 46185 | O38: 46194 | P38: Not Started | Q38: Missing material delivery | R38: 0 | S38: 46213 | T38: 46217 | U38: Not Started | V38: missing material delivery | W38: 0 | X38: 46218 | Y38: 46222 | Z38: Not started | AA38: missing material delivery | AB38: 0 | AC38: 46233 | AD38: 46242 | AE38: Complete | AF38: Complete | AG38: 1 | AH38: 46243 | AI38: 46250 | AJ38: Blocked | AK38: Missing Material Delivery | AL38: 0 | AM38: 46337 | AN38: 46343 | AO38: Not Started | AP38: 0
A39: B-24-04663-CP42 | B39: 42310 | C39: 1 | D39: 46146 | E39: 46155 | F39: Complete | G39: Complete | H39: 1 | I39: 46185 | J39: 46194 | K39: Not Started | L39: Waiting for material to be delivered (Hat channles) | M39: 0 | N39: 46185 | O39: 46194 | P39: Not Started | Q39: Missing material | R39: 0 | S39: 46213 | T39: 46217 | U39: Complete | V39: Complete | W39: 1 | X39: 46218 | Y39: 46222 | Z39: Complete | AA39: Complete | AB39: 1 | AC39: 46233 | AD39: 46242 | AE39: Complete | AF39: Complete | AG39: 1 | AH39: 46243 | AI39: 46250 | AJ39: Blocked | AK39: Missing Material Delivery | AL39: 0 | AM39: 46337 | AN39: 46343 | AO39: Not Started | AP39: 0
A40: B-24-04663-CP42 | B40: 42410 | C40: 1 | D40: 46146 | E40: 46155 | F40: Complete | G40: Complete | H40: 1 | I40: 46185 | J40: 46194 | K40: Not Started | L40: Waiting for material to be delivered (Hat channles) | M40: 0 | N40: 46185 | O40: 46194 | P40: Not Started | Q40: Missing material | R40: 0 | S40: 46213 | T40: 46217 | U40: Complete | V40: Complete | W40: 1 | X40: 46218 | Y40: 46222 | Z40: Complete | AA40: Complete | AB40: 1 | AC40: 46233 | AD40: 46242 | AE40: Complete | AF40: Complete | AG40: 1 | AH40: 46243 | AI40: 46250 | AJ40: Blocked | AK40: Missing Material Delivery | AL40: 0 | AM40: 46337 | AN40: 46343 | AO40: Not Started | AP40: 0
A41: B-24-04663-CP42 | B41: 42260 | C41: 1 | D41: 46146 | E41: 46155 | F41: Complete | G41: Drive wrong | H41: 0.95 | I41: 46185 | J41: 46194 | K41: Not Started | L41: Missing material delivery | M41: 0 | N41: 46185 | O41: 46194 | P41: Not Started | Q41: Missing material delivery | R41: 0 | S41: 46213 | T41: 46217 | U41: Not Started | V41: missing material delivery | W41: 0 | X41: 46218 | Y41: 46222 | Z41: Not started | AA41: missing material delivery | AB41: 0 | AC41: 46233 | AD41: 46242 | AE41: Complete | AF41: Complete | AG41: 1 | AH41: 46243 | AI41: 46250 | AJ41: Blocked | AK41: Missing Material Delivery | AL41: 0 | AM41: 46337 | AN41: 46343 | AO41: Not Started | AP41: 0
A42: Total | C42: =SUM(C3:C41) -> 39 | H42: =AVERAGE(H3:H41) -> 0.92179487 | M42: =AVERAGE(M3:M41) -> 0.38461538 | R42: =AVERAGE(R3:R41) -> 0.38461538 | W42: =AVERAGE(W3:W41) -> 0.3974359 | AB42: =AVERAGE(AB3:AB41) -> 0.25641026 | AG42: =AVERAGE(AG3:AG41) -> 0.69230769 | AL42: =AVERAGE(AL3:AL41) -> 0.33333333 | AP42: =AVERAGE(AP3:AP41) -> 0
A44: Summary
A45: Task | B45: Weight | C45: Weighted Totals | D45: Complete | E45: Complete %
A46: Prep | B46: 0.1 | C46: =39*B46 -> 3.9 | D46: =SUM(H3:H41)*0.1 -> 3.595 | E46: =D46/C46 -> 0.92179487
A47: Erected | B47: 0.3 | C47: =39*B47 -> 11.7 | D47: =SUM(M3:M41)*0.3 -> 4.5 | E47: =D47/C47 -> 0.38461538
A48: Anchored | B48: 0.1 | C48: =39*B48 -> 3.9 | D48: =SUM(R3:R41)*0.1 -> 1.5 | E48: =D48/C48 -> 0.38461538
A49: Belting | B49: 0.2 | C49: =39*B49 -> 7.8 | D49: =SUM(W3:W41)*0.2 -> 3.1 | E49: =D49/C49 -> 0.3974359
A50: Bottom Pans | B50: 0.05 | C50: =39*B50 -> 1.95 | D50: =SUM(AB3:AB41)*0.05 -> 0.5 | E50: =D50/C50 -> 0.25641026
A51: Side Guide | B51: 0.2 | C51: =39*B51 -> 7.8 | D51: =SUM(AG3:AG41)*0.2 -> 5.4 | E51: =D51/C51 -> 0.69230769
A52: Netting | B52: 0.05 | C52: =39*B52 -> 1.95 | D52: =SUM(AL3:AL41)*0.05 -> 0.65 | E52: =D52/C52 -> 0.33333333
A53: Total Completion | B53: =SUM(B46:B52) -> 1 | C53: =SUM(C46:C52) -> 39 | D53: =SUM(D46:D52) -> 19.245 | E53: =D53/C53 -> 0.49346154

Sheet CP50
A1: CP | B1: Asset | C1: Length | D1: Prep -10% | I1: Erected 30% | N1: Anchored 10% | S1: Belting - 20% | X1: Bottom Pans - 5% | AC1: Side Guide/Detail - 20% | AH1: Netting Bracket - 5% | AM1: Run-in
D2: Start | E2: Finish | F2: Status | G2: Notes | H2: % Complete | I2: Start | J2: Finish | K2: Status | L2: Notes | M2: % Complete | N2: Start | O2: Finish | P2: Status | Q2: Notes | R2: % Complete | S2: Start | T2: Finish | U2: Status | V2: Notes | W2: % Complete | X2: Start | Y2: Finish | Z2: Status | AA2: Notes | AB2: % Complete | AC2: Start | AD2: Finish | AE2: Status | AF2: Notes | AG2: % Complete | AH2: Start | AI2: Finish | AJ2: Status | AK2: Notes | AL2: % Complete | AM2: Start | AN2: Finish | AO2: Status | AP2: % Complete
A3: B-24-04663-CP50 | B3: 50005 | C3: 1 | D3: 46170 | E3: 46175 | F3: Complete | G3: 41027200 | H3: 1 | I3: 46176 | J3: 46182 | K3: Complete | M3: 1 | N3: 46176 | O3: 46182 | P3: Complete | R3: 1 | S3: 46202 | T3: 46208 | U3: Not Started | W3: 0 | X3: 46215 | Y3: 46217 | Z3: Not Started | AB3: 0 | AC3: 46218 | AD3: 46224 | AE3: Not Started | AG3: 0 | AH3: 46231 | AI3: 46233 | AJ3: Blocked | AL3: 0 | AM3: 46332 | AN3: 46338 | AO3: Not Started | AP3: 0
A4: B-24-04663-CP50 | B4: 50010 | C4: 1 | D4: 46170 | E4: 46175 | F4: Complete | H4: 1 | I4: 46176 | J4: 46182 | K4: Complete | M4: 1 | N4: 46176 | O4: 46182 | P4: Complete | R4: 1 | S4: 46202 | T4: 46208 | U4: Not Started | W4: 0 | X4: 46215 | Y4: 46217 | Z4: Not Started | AB4: 0 | AC4: 46218 | AD4: 46224 | AE4: Not Started | AG4: 0 | AH4: 46231 | AI4: 46233 | AJ4: Blocked | AL4: 0 | AM4: 46332 | AN4: 46338 | AO4: Not Started | AP4: 0
A5: B-24-04663-CP50 | B5: 50012 | C5: 1 | D5: 46170 | E5: 46175 | F5: Complete | H5: 1 | I5: 46176 | J5: 46182 | K5: Complete | M5: 1 | N5: 46176 | O5: 46182 | P5: Complete | R5: 1 | S5: 46202 | T5: 46208 | U5: Not Started | W5: 0 | X5: 46215 | Y5: 46217 | Z5: Not Started | AB5: 0 | AC5: 46218 | AD5: 46224 | AE5: Complete | AG5: 1 | AH5: 46231 | AI5: 46233 | AJ5: Blocked | AL5: 0 | AM5: 46332 | AN5: 46338 | AO5: Not Started | AP5: 0
A6: B-24-04663-CP50 | B6: 50015 | C6: 1 | D6: 46170 | E6: 46175 | F6: Complete | H6: 1 | I6: 46176 | J6: 46182 | K6: Complete | M6: 1 | N6: 46176 | O6: 46182 | P6: Complete | R6: 1 | S6: 46202 | T6: 46208 | U6: Not Started | W6: 0 | X6: 46215 | Y6: 46217 | Z6: Not Started | AB6: 0 | AC6: 46218 | AD6: 46224 | AE6: Complete | AG6: 1 | AH6: 46231 | AI6: 46233 | AJ6: Blocked | AL6: 0 | AM6: 46332 | AN6: 46338 | AO6: Not Started | AP6: 0
A7: B-24-04663-CP50 | B7: 50020 | C7: 1 | D7: 46170 | E7: 46175 | F7: Complete | H7: 1 | I7: 46176 | J7: 46182 | K7: Complete | M7: 1 | N7: 46176 | O7: 46182 | P7: Complete | R7: 1 | S7: 46202 | T7: 46208 | U7: Not Started | W7: 0 | X7: 46215 | Y7: 46217 | Z7: Not Started | AB7: 0 | AC7: 46218 | AD7: 46224 | AE7: Complete | AG7: 1 | AH7: 46231 | AI7: 46233 | AJ7: Blocked | AL7: 0 | AM7: 46332 | AN7: 46338 | AO7: Not Started | AP7: 0
A8: B-24-04663-CP50 | B8: 50030 | C8: 1 | D8: 46170 | E8: 46175 | F8: Complete | H8: 1 | I8: 46176 | J8: 46182 | K8: In Progress | L8: Waiting for Platform | M8: 0.8 | N8: 46176 | O8: 46182 | P8: In Progress | Q8: Waiting for Platform | R8: 0.8 | S8: 46202 | T8: 46208 | U8: In progress | V8: Not cooked | W8: 0.8 | X8: 46215 | Y8: 46217 | Z8: In Progress | AB8: 0.8 | AC8: 46218 | AD8: 46224 | AE8: In Progress | AG8: 0.8 | AH8: 46231 | AI8: 46233 | AJ8: Blocked | AL8: 0 | AM8: 46332 | AN8: 46338 | AO8: Not Started | AP8: 0
A9: B-24-04663-CP50 | B9: 50035 | C9: 1 | D9: 46170 | E9: 46175 | F9: Complete | H9: 1 | I9: 46176 | J9: 46182 | K9: Complete | M9: 1 | N9: 46176 | O9: 46182 | P9: Complete | R9: 1 | S9: 46202 | T9: 46208 | U9: Not Started | V9: No road blocks | W9: 0 | X9: 46215 | Y9: 46217 | Z9: Not Started | AA9: No road blocks | AB9: 0 | AC9: 46218 | AD9: 46224 | AE9: Complete | AG9: 1 | AH9: 46231 | AI9: 46233 | AJ9: Blocked | AL9: 0 | AM9: 46332 | AN9: 46338 | AO9: Not Started | AP9: 0
A10: B-24-04663-CP50 | B10: 50036 | C10: 1 | D10: 46170 | E10: 46175 | F10: Complete | H10: 1 | I10: 46176 | J10: 46182 | K10: Complete | M10: 1 | N10: 46176 | O10: 46182 | P10: Complete | R10: 1 | S10: 46202 | T10: 46208 | U10: Not Started | V10: No road blocks | W10: 0 | X10: 46215 | Y10: 46217 | Z10: Not Started | AA10: No road blocks | AB10: 0 | AC10: 46218 | AD10: 46224 | AE10: Complete | AG10: 1 | AH10: 46231 | AI10: 46233 | AJ10: Blocked | AL10: 0 | AM10: 46332 | AN10: 46338 | AO10: Not Started | AP10: 0
A11: B-24-04663-CP50 | B11: 50040 | C11: 1 | D11: 46170 | E11: 46175 | F11: Complete | H11: 1 | I11: 46176 | J11: 46182 | K11: Complete | M11: 1 | N11: 46176 | O11: 46182 | P11: Complete | R11: 1 | S11: 46202 | T11: 46208 | U11: Complete | W11: 1 | X11: 46215 | Y11: 46217 | Z11: Not Started | AA11: No road blocks | AB11: 0 | AC11: 46218 | AD11: 46224 | AE11: Complete | AG11: 1 | AH11: 46231 | AI11: 46233 | AJ11: Blocked | AL11: 0 | AM11: 46332 | AN11: 46338 | AO11: Not Started | AP11: 0
A12: B-24-04663-CP50 | B12: 50045 | C12: 1 | D12: 46170 | E12: 46175 | F12: Complete | H12: 1 | I12: 46176 | J12: 46182 | K12: Complete | M12: 1 | N12: 46176 | O12: 46182 | P12: Complete | R12: 1 | S12: 46202 | T12: 46208 | U12: Complete | W12: 0 | X12: 46215 | Y12: 46217 | Z12: Not Started | AA12: No road blocks | AB12: 0 | AC12: 46218 | AD12: 46224 | AE12: Complete | AG12: 1 | AH12: 46231 | AI12: 46233 | AJ12: Blocked | AL12: 0 | AM12: 46332 | AN12: 46338 | AO12: Not Started | AP12: 0
A13: B-24-04663-CP50 | B13: 50050 | C13: 1 | D13: 46170 | E13: 46175 | F13: Complete | H13: 1 | I13: 46176 | J13: 46182 | K13: Complete | M13: 1 | N13: 46176 | O13: 46182 | P13: Complete | R13: 1 | S13: 46202 | T13: 46208 | U13: Complete | W13: 1 | X13: 46215 | Y13: 46217 | Z13: Not Started | AA13: No road blocks | AB13: 0 | AC13: 46218 | AD13: 46224 | AE13: Complete | AG13: 1 | AH13: 46231 | AI13: 46233 | AJ13: Blocked | AL13: 0 | AM13: 46332 | AN13: 46338 | AO13: Not Started | AP13: 0
A14: B-24-04663-CP50 | B14: 50055 | C14: 1 | D14: 46170 | E14: 46175 | F14: Complete | H14: 1 | I14: 46176 | J14: 46182 | K14: Complete | M14: 1 | N14: 46176 | O14: 46182 | P14: Complete | R14: 1 | S14: 46202 | T14: 46208 | U14: Complete | W14: 1 | X14: 46215 | Y14: 46217 | Z14: Not Started | AB14: 1 | AC14: 46218 | AD14: 46224 | AE14: Complete | AG14: 1 | AH14: 46231 | AI14: 46233 | AJ14: Blocked | AL14: 0 | AM14: 46332 | AN14: 46338 | AO14: Not Started | AP14: 0
A15: B-24-04663-CP50 | B15: 50105 | C15: 1 | D15: 46170 | E15: 46175 | F15: Complete | H15: 1 | I15: 46176 | J15: 46182 | K15: Not Started | M15: 0 | N15: 46176 | O15: 46182 | P15: Not Started | R15: 0 | S15: 46202 | T15: 46208 | U15: Not Started | W15: 0 | X15: 46215 | Y15: 46217 | Z15: Not Started | AB15: 0 | AC15: 46218 | AD15: 46224 | AE15: Not Started | AG15: 0 | AH15: 46231 | AI15: 46233 | AJ15: Blocked | AL15: 0 | AM15: 46332 | AN15: 46338 | AO15: Not Started | AP15: 0
A16: B-24-04663-CP50 | B16: 50110 | C16: 1 | D16: 46170 | E16: 46175 | F16: Complete | H16: 1 | I16: 46176 | J16: 46182 | K16: Not Started | M16: 0 | N16: 46176 | O16: 46182 | P16: Not Started | R16: 0 | S16: 46202 | T16: 46208 | U16: Not Started | W16: 0 | X16: 46215 | Y16: 46217 | Z16: Not Started | AB16: 0 | AC16: 46218 | AD16: 46224 | AE16: Not Started | AG16: 0 | AH16: 46231 | AI16: 46233 | AJ16: Blocked | AL16: 0 | AM16: 46332 | AN16: 46338 | AO16: Not Started | AP16: 0
A17: B-24-04663-CP50 | B17: 50112 | C17: 1 | D17: 46170 | E17: 46175 | F17: Complete | H17: 1 | I17: 46176 | J17: 46182 | K17: Not Started | M17: 0 | N17: 46176 | O17: 46182 | P17: Not Started | R17: 0 | S17: 46202 | T17: 46208 | U17: Not Started | W17: 0 | X17: 46215 | Y17: 46217 | Z17: Not Started | AB17: 0 | AC17: 46218 | AD17: 46224 | AE17: Not Started | AG17: 0 | AH17: 46231 | AI17: 46233 | AJ17: Blocked | AL17: 0 | AM17: 46332 | AN17: 46338 | AO17: Not Started | AP17: 0
A18: B-24-04663-CP50 | B18: 50115 | C18: 1 | D18: 46170 | E18: 46175 | F18: Complete | H18: 0.9 | I18: 46176 | J18: 46182 | K18: Not Started | M18: 0 | N18: 46176 | O18: 46182 | P18: Not Started | R18: 0 | S18: 46202 | T18: 46208 | U18: Not Started | W18: 0 | X18: 46215 | Y18: 46217 | Z18: Not Started | AB18: 0 | AC18: 46218 | AD18: 46224 | AE18: Not Started | AG18: 0 | AH18: 46231 | AI18: 46233 | AJ18: Blocked | AL18: 0 | AM18: 46332 | AN18: 46338 | AO18: Not Started | AP18: 0
A19: B-24-04663-CP50 | B19: 50120 | C19: 1 | D19: 46170 | E19: 46175 | F19: Complete | H19: 1 | I19: 46176 | J19: 46182 | K19: Not Started | M19: 0 | N19: 46176 | O19: 46182 | P19: Not Started | R19: 0 | S19: 46202 | T19: 46208 | U19: Not Started | W19: 0 | X19: 46215 | Y19: 46217 | Z19: Not Started | AB19: 0 | AC19: 46218 | AD19: 46224 | AE19: Not Started | AG19: 0 | AH19: 46231 | AI19: 46233 | AJ19: Blocked | AL19: 0 | AM19: 46332 | AN19: 46338 | AO19: Not Started | AP19: 0
A20: B-24-04663-CP50 | B20: 50130 | C20: 1 | D20: 46170 | E20: 46175 | F20: Complete | H20: 1 | I20: 46176 | J20: 46182 | K20: In Progress | L20: Waiting for Platform | M20: 0.8 | N20: 46176 | O20: 46182 | P20: In Progress | Q20: Waiting for Platform | R20: 0.8 | S20: 46202 | T20: 46208 | U20: In progress | W20: 0.5 | X20: 46215 | Y20: 46217 | Z20: In Progress | AB20: 0.8 | AC20: 46218 | AD20: 46224 | AE20: In Progress | AG20: 0.8 | AH20: 46231 | AI20: 46233 | AJ20: Blocked | AL20: 0 | AM20: 46332 | AN20: 46338 | AO20: Not Started | AP20: 0
A21: B-24-04663-CP50 | B21: 50140 | C21: 1 | D21: 46170 | E21: 46175 | F21: Complete | H21: 1 | I21: 46176 | J21: 46182 | K21: Complete | M21: 1 | N21: 46176 | O21: 46182 | P21: Complete | R21: 1 | S21: 46202 | T21: 46208 | U21: Complete | V21: banda corta | W21: 0.6 | X21: 46215 | Y21: 46217 | Z21: Not Started | AA21: No road blocks | AB21: 0 | AC21: 46218 | AD21: 46224 | AE21: Complete | AG21: 1 | AH21: 46231 | AI21: 46233 | AJ21: Blocked | AL21: 0 | AM21: 46332 | AN21: 46338 | AO21: Not Started | AP21: 0
A22: B-24-04663-CP50 | B22: 50145 | C22: 1 | D22: 46170 | E22: 46175 | F22: Complete | H22: 1 | I22: 46176 | J22: 46182 | K22: Complete | M22: 1 | N22: 46176 | O22: 46182 | P22: Complete | R22: 1 | S22: 46202 | T22: 46208 | U22: Not Started | V22: No road blocks | W22: 0 | X22: 46215 | Y22: 46217 | Z22: Not Started | AA22: No road blocks | AB22: 0 | AC22: 46218 | AD22: 46224 | AE22: Complete | AG22: 1 | AH22: 46231 | AI22: 46233 | AJ22: Blocked | AL22: 0 | AM22: 46332 | AN22: 46338 | AO22: Not Started | AP22: 0
A23: B-24-04663-CP50 | B23: 50150 | C23: 1 | D23: 46170 | E23: 46175 | F23: Complete | H23: 1 | I23: 46176 | J23: 46182 | K23: Complete | M23: 1 | N23: 46176 | O23: 46182 | P23: Complete | R23: 1 | S23: 46202 | T23: 46208 | U23: Complete | W23: 1 | X23: 46215 | Y23: 46217 | Z23: Not Started | AA23: No road blocks | AB23: 0 | AC23: 46218 | AD23: 46224 | AE23: Complete | AG23: 1 | AH23: 46231 | AI23: 46233 | AJ23: Blocked | AL23: 0 | AM23: 46332 | AN23: 46338 | AO23: Not Started | AP23: 0
A24: B-24-04663-CP50 | B24: 50155 | C24: 1 | D24: 46170 | E24: 46175 | F24: Complete | H24: 1 | I24: 46176 | J24: 46182 | K24: Complete | M24: 0.95 | N24: 46176 | O24: 46182 | P24: Complete | R24: 0.9 | S24: 46202 | T24: 46208 | U24: Complete | W24: 1 | X24: 46215 | Y24: 46217 | Z24: Not Started | AB24: 1 | AC24: 46218 | AD24: 46224 | AE24: Complete | AG24: 1 | AH24: 46231 | AI24: 46233 | AJ24: Blocked | AL24: 0 | AM24: 46332 | AN24: 46338 | AO24: Not Started | AP24: 0
A25: B-24-04663-CP50 | B25: 50205 | C25: 1 | D25: 46170 | E25: 46175 | F25: Complete | H25: 1 | I25: 46176 | J25: 46182 | K25: In Progress | L25: Waiting for Platform | M25: 0.8 | N25: 46176 | O25: 46182 | P25: In Progress | Q25: Waiting for Platform | R25: 0.8 | S25: 46202 | T25: 46208 | U25: Not Started | V25: No road blocks | W25: 0 | X25: 46215 | Y25: 46217 | Z25: In Progress | AB25: 0.8 | AC25: 46218 | AD25: 46224 | AE25: In Progress | AG25: 0.8 | AH25: 46231 | AI25: 46233 | AJ25: Blocked | AL25: 0 | AM25: 46332 | AN25: 46338 | AO25: Not Started | AP25: 0
A26: B-24-04663-CP50 | B26: 50210 | C26: 1 | D26: 46170 | E26: 46175 | F26: Complete | H26: 1 | I26: 46176 | J26: 46182 | K26: Not Started | M26: 0.5 | N26: 46176 | O26: 46182 | P26: Not Started | R26: 0 | S26: 46202 | T26: 46208 | U26: Complete | W26: 0.5 | X26: 46215 | Y26: 46217 | Z26: Complete | AB26: 1 | AC26: 46218 | AD26: 46224 | AE26: Complete | AG26: 0.5 | AH26: 46231 | AI26: 46233 | AJ26: Blocked | AL26: 0 | AM26: 46332 | AN26: 46338 | AO26: Not Started | AP26: 0
A27: B-24-04663-CP50 | B27: 50215 | C27: 1 | D27: 46170 | E27: 46175 | F27: Complete | H27: 1 | I27: 46176 | J27: 46182 | K27: Complete | M27: 1 | N27: 46176 | O27: 46182 | P27: Complete | R27: 1 | S27: 46202 | T27: 46208 | U27: Complete | W27: 1 | X27: 46215 | Y27: 46217 | Z27: Not Started | AB27: 1 | AC27: 46218 | AD27: 46224 | AE27: Complete | AG27: 0.95 | AH27: 46231 | AI27: 46233 | AJ27: Blocked | AL27: 0 | AM27: 46332 | AN27: 46338 | AO27: Not Started | AP27: 0
A28: B-24-04663-CP50 | B28: 50220 | C28: 1 | D28: 46170 | E28: 46175 | F28: Complete | H28: 1 | I28: 46176 | J28: 46182 | K28: Complete | M28: 1 | N28: 46176 | O28: 46182 | P28: Complete | R28: 1 | S28: 46202 | T28: 46208 | U28: Complete | W28: 1 | X28: 46215 | Y28: 46217 | Z28: Complete | AB28: 1 | AC28: 46218 | AD28: 46224 | AE28: Complete | AG28: 1 | AH28: 46231 | AI28: 46233 | AJ28: Blocked | AL28: 0 | AM28: 46332 | AN28: 46338 | AO28: Not Started | AP28: 0
A29: B-24-04663-CP50 | B29: 50225 | C29: 1 | D29: 46170 | E29: 46175 | F29: Complete | H29: 1 | I29: 46176 | J29: 46182 | K29: Complete | M29: 1 | N29: 46176 | O29: 46182 | P29: Complete | R29: 1 | S29: 46202 | T29: 46208 | U29: Complete | W29: 1 | X29: 46215 | Y29: 46217 | Z29: Complete | AB29: 1 | AC29: 46218 | AD29: 46224 | AE29: Complete | AG29: 1 | AH29: 46231 | AI29: 46233 | AJ29: Blocked | AL29: 0 | AM29: 46332 | AN29: 46338 | AO29: Not Started | AP29: 0
A30: B-24-04663-CP50 | B30: 50230 | C30: 1 | D30: 46170 | E30: 46175 | F30: Complete | H30: 1 | I30: 46176 | J30: 46182 | K30: Complete | M30: 1 | N30: 46176 | O30: 46182 | P30: Complete | R30: 1 | S30: 46202 | T30: 46208 | U30: Complete | W30: 1 | X30: 46215 | Y30: 46217 | Z30: Complete | AB30: 1 | AC30: 46218 | AD30: 46224 | AE30: Complete | AG30: 1 | AH30: 46231 | AI30: 46233 | AJ30: Blocked | AL30: 0 | AM30: 46332 | AN30: 46338 | AO30: Not Started | AP30: 0
A31: B-24-04663-CP50 | B31: 50235 | C31: 1 | D31: 46170 | E31: 46175 | F31: Complete | G31: missing carga | H31: 0.95 | I31: 46176 | J31: 46182 | K31: Complete | M31: 1 | N31: 46176 | O31: 46182 | P31: Complete | R31: 1 | S31: 46202 | T31: 46208 | U31: Not Started | V31: falta cocinar | W31: 0.9 | X31: 46215 | Y31: 46217 | Z31: Not Started | AB31: 0 | AC31: 46218 | AD31: 46224 | AE31: Complete | AG31: 1 | AH31: 46231 | AI31: 46233 | AJ31: Blocked | AL31: 0 | AM31: 46332 | AN31: 46338 | AO31: Not Started | AP31: 0
A32: B-24-04663-CP50 | B32: 50240 | C32: 1 | D32: 46170 | E32: 46175 | F32: Complete | G32: hss pendiente | H32: 0.95 | I32: 46176 | J32: 46182 | K32: Not Started | M32: 1 | N32: 46176 | O32: 46182 | P32: Not Started | Q32: No road blocks | R32: 0 | S32: 46202 | T32: 46208 | U32: Complete | W32: 1 | X32: 46215 | Y32: 46217 | Z32: Not Started | AA32: No road blocks | AB32: 0 | AC32: 46218 | AD32: 46224 | AE32: Complete | AG32: 1 | AH32: 46231 | AI32: 46233 | AJ32: Blocked | AL32: 0 | AM32: 46332 | AN32: 46338 | AO32: Not Started | AP32: 0
A33: B-24-04663-CP50 | B33: 50245 | C33: 1 | D33: 46170 | E33: 46175 | F33: Complete | H33: 1 | I33: 46183 | J33: 46189 | K33: Not Started | L33: No road blocks | M33: 1 | N33: 46183 | O33: 46189 | P33: Not Started | Q33: No road blocks | R33: 0 | S33: 46202 | T33: 46208 | U33: Complete | W33: 1 | X33: 46215 | Y33: 46217 | Z33: Complete | AA33: No road blocks | AB33: 1 | AC33: 46218 | AD33: 46224 | AE33: Complete | AG33: 1 | AH33: 46231 | AI33: 46233 | AJ33: Blocked | AL33: 0 | AM33: 46332 | AN33: 46338 | AO33: Not Started | AP33: 0
A34: B-24-04663-CP50 | B34: 50251 | C34: 1 | D34: 46170 | E34: 46175 | F34: Complete | G34: hss pendiente | H34: 0.95 | I34: 46183 | J34: 46189 | K34: Not Started | L34: ubicacion de motor | M34: 0.95 | N34: 46183 | O34: 46189 | P34: Not Started | Q34: Waiting for HHS prints | R34: 0 | S34: 46202 | T34: 46208 | U34: Not Started | V34: No road blocks | W34: 0 | X34: 46215 | Y34: 46217 | Z34: Not Started | AA34: No road blocks | AB34: 0 | AC34: 46218 | AD34: 46224 | AE34: Complete | AG34: 1 | AH34: 46231 | AI34: 46233 | AJ34: Blocked | AL34: 0 | AM34: 46332 | AN34: 46338 | AO34: Not Started | AP34: 0
A35: B-24-04663-CP50 | B35: 50255 | C35: 1 | D35: 46170 | E35: 46175 | F35: Complete | G35: hss pendiente | H35: 0.95 | I35: 46183 | J35: 46189 | K35: Not Started | M35: 1 | N35: 46183 | O35: 46189 | P35: Not Started | Q35: No road blocks | R35: 0 | S35: 46202 | T35: 46208 | U35: Not Started | V35: No road blocks | W35: 0 | X35: 46215 | Y35: 46217 | Z35: Not Started | AA35: No road blocks | AB35: 0 | AC35: 46218 | AD35: 46224 | AE35: Complete | AG35: 1 | AH35: 46231 | AI35: 46233 | AJ35: Blocked | AL35: 0 | AM35: 46332 | AN35: 46338 | AO35: Not Started | AP35: 0
A36: B-24-04663-CP50 | B36: 50260 | C36: 1 | D36: 46170 | E36: 46175 | F36: Complete | H36: 1 | I36: 46183 | J36: 46189 | K36: Not Started | L36: No road blocks | M36: 0 | N36: 46183 | O36: 46189 | P36: Not Started | Q36: No road blocks | R36: 0 | S36: 46202 | T36: 46208 | U36: Not Started | V36: No road blocks | W36: 0.8 | X36: 46215 | Y36: 46217 | Z36: Complete | AA36: Not needed for the line | AB36: 1 | AC36: 46218 | AD36: 46224 | AE36: Complete | AG36: 0.8 | AH36: 46231 | AI36: 46233 | AJ36: Blocked | AL36: 0 | AM36: 46332 | AN36: 46338 | AO36: Not Started | AP36: 0
A37: B-24-04663-CP50 | B37: 50265 | C37: 1 | D37: 46170 | E37: 46175 | F37: Not Started | H37: 0 | I37: 46183 | J37: 46189 | K37: Not Started | M37: 0 | N37: 46183 | O37: 46189 | P37: Not Started | R37: 0 | S37: 46202 | T37: 46208 | U37: Not Started | W37: 0 | X37: 46215 | Y37: 46217 | Z37: Not Started | AB37: 0 | AC37: 46218 | AD37: 46224 | AE37: Not Started | AG37: 0 | AH37: 46231 | AI37: 46233 | AJ37: Blocked | AL37: 0 | AM37: 46332 | AN37: 46338 | AO37: Not Started | AP37: 0
A38: B-24-04663-CP50 | B38: 50270 | C38: 1 | D38: 46170 | E38: 46175 | F38: Not Started | H38: 0 | I38: 46183 | J38: 46189 | K38: Not Started | M38: 0 | N38: 46183 | O38: 46189 | P38: Not Started | R38: 0 | S38: 46202 | T38: 46208 | U38: Not Started | W38: 0 | X38: 46215 | Y38: 46217 | Z38: Not Started | AB38: 0 | AC38: 46218 | AD38: 46224 | AE38: Not Started | AG38: 0 | AH38: 46231 | AI38: 46233 | AJ38: Blocked | AL38: 0 | AM38: 46332 | AN38: 46338 | AO38: Not Started | AP38: 0
A39: B-24-04663-CP50 | B39: 50275 | C39: 1 | D39: 46170 | E39: 46175 | F39: Complete | H39: 1 | I39: 46183 | J39: 46189 | K39: Not Started | M39: 0 | N39: 46183 | O39: 46189 | P39: Not Started | R39: 0 | S39: 46202 | T39: 46208 | U39: Not Started | W39: 0 | X39: 46215 | Y39: 46217 | Z39: Not Started | AB39: 0 | AC39: 46218 | AD39: 46224 | AE39: Not Started | AG39: 0 | AH39: 46231 | AI39: 46233 | AJ39: Blocked | AL39: 0 | AM39: 46332 | AN39: 46338 | AO39: Not Started | AP39: 0
A40: B-24-04663-CP50 | B40: 50280 | C40: 1 | D40: 46170 | E40: 46175 | F40: Not Started | H40: 0 | I40: 46183 | J40: 46189 | K40: Not Started | M40: 0 | N40: 46183 | O40: 46189 | P40: Not Started | R40: 0 | S40: 46202 | T40: 46208 | U40: Not Started | W40: 0 | X40: 46215 | Y40: 46217 | Z40: Not Started | AB40: 0 | AC40: 46218 | AD40: 46224 | AE40: Not Started | AG40: 0 | AH40: 46231 | AI40: 46233 | AJ40: Blocked | AL40: 0 | AM40: 46332 | AN40: 46338 | AO40: Not Started | AP40: 0
A41: B-24-04663-CP50 | B41: 50285 | C41: 1 | D41: 46170 | E41: 46175 | F41: Complete | H41: 1 | I41: 46183 | J41: 46189 | K41: Not Started | M41: 0 | N41: 46183 | O41: 46189 | P41: Not Started | R41: 0 | S41: 46202 | T41: 46208 | U41: Not Started | W41: 0 | X41: 46215 | Y41: 46217 | Z41: Not Started | AB41: 0 | AC41: 46218 | AD41: 46224 | AE41: Not Started | AG41: 0 | AH41: 46231 | AI41: 46233 | AJ41: Blocked | AL41: 0 | AM41: 46332 | AN41: 46338 | AO41: Not Started | AP41: 0
A42: B-24-04663-CP50 | B42: 50290 | C42: 1 | D42: 46170 | E42: 46175 | F42: Complete | H42: 1 | I42: 46183 | J42: 46189 | K42: Not Started | M42: 0 | N42: 46183 | O42: 46189 | P42: Not Started | R42: 0 | S42: 46202 | T42: 46208 | U42: Not Started | W42: 0 | X42: 46215 | Y42: 46217 | Z42: Not Started | AB42: 0 | AC42: 46218 | AD42: 46224 | AE42: Not Started | AG42: 0 | AH42: 46231 | AI42: 46233 | AJ42: Blocked | AL42: 0 | AM42: 46332 | AN42: 46338 | AO42: Not Started | AP42: 0
A43: B-24-04663-CP50 | B43: 50295 | C43: 1 | D43: 46170 | E43: 46175 | F43: Complete | H43: 1 | I43: 46183 | J43: 46189 | K43: Not Started | M43: 0 | N43: 46183 | O43: 46189 | P43: Not Started | R43: 0 | S43: 46202 | T43: 46208 | U43: Not Started | W43: 0 | X43: 46215 | Y43: 46217 | Z43: Not Started | AB43: 0 | AC43: 46218 | AD43: 46224 | AE43: Not Started | AG43: 0 | AH43: 46231 | AI43: 46233 | AJ43: Blocked | AL43: 0 | AM43: 46332 | AN43: 46338 | AO43: Not Started | AP43: 0
A44: B-24-04663-CP50 | B44: 50300 | C44: 1 | D44: 46170 | E44: 46175 | F44: Complete | H44: 1 | I44: 46183 | J44: 46189 | K44: Not Started | M44: 0 | N44: 46183 | O44: 46189 | P44: Not Started | R44: 0 | S44: 46202 | T44: 46208 | U44: Not Started | W44: 0 | X44: 46215 | Y44: 46217 | Z44: Not Started | AB44: 0 | AC44: 46218 | AD44: 46224 | AE44: Not Started | AG44: 0 | AH44: 46231 | AI44: 46233 | AJ44: Blocked | AL44: 0 | AM44: 46332 | AN44: 46338 | AO44: Not Started | AP44: 0
A45: B-24-04663-CP50 | B45: 50305 | C45: 1 | D45: 46170 | E45: 46175 | F45: Complete | H45: 1 | I45: 46183 | J45: 46189 | K45: In Progress | M45: 0.8 | N45: 46183 | O45: 46189 | P45: In Progress | R45: 0.8 | S45: 46202 | T45: 46208 | U45: Not Started | W45: 0.8 | X45: 46215 | Y45: 46217 | Z45: In Progress | AB45: 1 | AC45: 46218 | AD45: 46224 | AE45: In Progress | AG45: 0.8 | AH45: 46231 | AI45: 46233 | AJ45: Blocked | AL45: 0 | AM45: 46332 | AN45: 46338 | AO45: Not Started | AP45: 0
A46: B-24-04663-CP50 | B46: 50310 | C46: 1 | D46: 46170 | E46: 46175 | F46: Complete | H46: 1 | I46: 46183 | J46: 46189 | K46: Complete | M46: 1 | N46: 46183 | O46: 46189 | P46: Complete | R46: 1 | S46: 46202 | T46: 46208 | U46: Complete | W46: 1 | X46: 46215 | Y46: 46217 | Z46: Complete | AB46: 0 | AC46: 46218 | AD46: 46224 | AE46: Complete | AG46: 0.7 | AH46: 46231 | AI46: 46233 | AJ46: Blocked | AL46: 0 | AM46: 46332 | AN46: 46338 | AO46: Not Started | AP46: 0
A47: B-24-04663-CP50 | B47: 50315 | C47: 1 | D47: 46170 | E47: 46175 | F47: Complete | H47: 1 | I47: 46183 | J47: 46189 | K47: Complete | M47: 1 | N47: 46183 | O47: 46189 | P47: Complete | R47: 1 | S47: 46202 | T47: 46208 | U47: Complete | W47: 1 | X47: 46215 | Y47: 46217 | Z47: Not Started | AA47: No road blocks | AB47: 0 | AC47: 46218 | AD47: 46224 | AE47: Complete | AG47: 0.7 | AH47: 46231 | AI47: 46233 | AJ47: Blocked | AL47: 0 | AM47: 46332 | AN47: 46338 | AO47: Not Started | AP47: 0
A48: B-24-04663-CP50 | B48: 50320 | C48: 1 | D48: 46170 | E48: 46175 | F48: Complete | H48: 1 | I48: 46183 | J48: 46189 | K48: Complete | M48: 1 | N48: 46183 | O48: 46189 | P48: Complete | R48: 1 | S48: 46202 | T48: 46208 | U48: Complete | W48: 1 | X48: 46215 | Y48: 46217 | Z48: Complete | AB48: 1 | AC48: 46218 | AD48: 46224 | AE48: Complete | AG48: 1 | AH48: 46231 | AI48: 46233 | AJ48: Blocked | AL48: 0 | AM48: 46332 | AN48: 46338 | AO48: Not Started | AP48: 0
A49: B-24-04663-CP50 | B49: 50325 | C49: 1 | D49: 46170 | E49: 46175 | F49: Complete | H49: 1 | I49: 46183 | J49: 46189 | K49: Complete | M49: 1 | N49: 46183 | O49: 46189 | P49: Complete | R49: 1 | S49: 46202 | T49: 46208 | U49: Complete | W49: 1 | X49: 46215 | Y49: 46217 | Z49: Complete | AB49: 1 | AC49: 46218 | AD49: 46224 | AE49: Complete | AG49: 1 | AH49: 46231 | AI49: 46233 | AJ49: Blocked | AL49: 0 | AM49: 46332 | AN49: 46338 | AO49: Not Started | AP49: 0
A50: B-24-04663-CP50 | B50: 50330 | C50: 1 | D50: 46170 | E50: 46175 | F50: Complete | G50: 49379603-5575964 | H50: 1 | I50: 46183 | J50: 46189 | K50: Complete | M50: 1 | N50: 46183 | O50: 46189 | P50: Complete | R50: 1 | S50: 46202 | T50: 46208 | U50: Complete | W50: 1 | X50: 46215 | Y50: 46217 | Z50: Complete | AB50: 1 | AC50: 46218 | AD50: 46224 | AE50: Complete | AG50: 1 | AH50: 46231 | AI50: 46233 | AJ50: Blocked | AL50: 0 | AM50: 46332 | AN50: 46338 | AO50: Not Started | AP50: 0
A51: B-24-04663-CP50 | B51: 50405 | C51: 1 | D51: 46170 | E51: 46175 | F51: Complete | G51: pendiente hss | H51: 0.95 | I51: 46183 | J51: 46189 | K51: Not Started | M51: 0 | N51: 46183 | O51: 46189 | P51: Not Started | R51: 0 | S51: 46202 | T51: 46208 | U51: Complete | W51: 0.8 | X51: 46215 | Y51: 46217 | Z51: Not Started | AA51: No road blocks | AB51: 0 | AC51: 46218 | AD51: 46224 | AE51: Complete | AG51: 1 | AH51: 46231 | AI51: 46233 | AJ51: Blocked | AL51: 0 | AM51: 46332 | AN51: 46338 | AO51: Not Started | AP51: 0
A52: B-24-04663-CP50 | B52: 50415 | C52: 709 | D52: 46170 | E52: 46175 | F52: Complete | H52: 1 | I52: 46183 | J52: 46189 | K52: Complete | M52: 1 | N52: 46183 | O52: 46189 | P52: Complete | R52: 1 | S52: 46202 | T52: 46208 | U52: Not Started | V52: No road blocks | W52: 0 | X52: 46215 | Y52: 46217 | Z52: Complete | AB52: 1 | AC52: 46218 | AD52: 46224 | AE52: Complete | AG52: 1 | AH52: 46231 | AI52: 46233 | AJ52: Blocked | AL52: 0 | AM52: 46332 | AN52: 46338 | AO52: Not Started | AP52: 0
A53: B-24-04663-CP50 | B53: 50420 | C53: 649 | D53: 46170 | E53: 46175 | F53: Complete | H53: 1 | I53: 46183 | J53: 46189 | K53: Complete | M53: 1 | N53: 46183 | O53: 46189 | P53: Complete | R53: 1 | S53: 46202 | T53: 46208 | U53: Not Started | V53: No road blocks | W53: 0 | X53: 46215 | Y53: 46217 | Z53: Complete | AB53: 1 | AC53: 46218 | AD53: 46224 | AE53: Complete | AG53: 1 | AH53: 46231 | AI53: 46233 | AJ53: Blocked | AL53: 0 | AM53: 46332 | AN53: 46338 | AO53: Not Started | AP53: 0
C54: 1 | G54: 84296200
A55: B-24-04663-CP50 | B55: 50435 | C55: 1 | D55: 46170 | E55: 46175 | F55: Complete | H55: 1 | I55: 46183 | J55: 46189 | K55: Complete | M55: 1 | N55: 46183 | O55: 46189 | P55: Complete | R55: 1 | S55: 46202 | T55: 46208 | U55: Complete | W55: 0 | X55: 46215 | Y55: 46217 | Z55: Complete | AA55: Not needed for the line | AB55: 1 | AC55: 46218 | AD55: 46224 | AE55: Not Started | AG55: 1 | AH55: 46231 | AI55: 46233 | AJ55: Blocked | AL55: 0 | AM55: 46332 | AN55: 46338 | AO55: Not Started | AP55: 0
A56: B-24-04663-CP50 | B56: 50440 | C56: 1 | D56: 46170 | E56: 46175 | F56: Complete | H56: 1 | I56: 46183 | J56: 46189 | K56: Complete | M56: 1 | N56: 46183 | O56: 46189 | P56: Complete | R56: 1 | S56: 46202 | T56: 46208 | U56: Complete | W56: 1 | X56: 46215 | Y56: 46217 | Z56: Complete | AA56: Not needed for the line | AB56: 1 | AC56: 46218 | AD56: 46224 | AE56: Complete | AG56: 1 | AH56: 46231 | AI56: 46233 | AJ56: Blocked | AL56: 0 | AM56: 46332 | AN56: 46338 | AO56: Not Started | AP56: 0
A57: B-24-04663-CP50 | B57: 50445 | C57: 1 | D57: 46170 | E57: 46175 | F57: Complete | H57: 1 | I57: 46183 | J57: 46189 | K57: Complete | M57: 1 | N57: 46183 | O57: 46189 | P57: Complete | R57: 1 | S57: 46202 | T57: 46208 | U57: Not Started | W57: 1 | X57: 46215 | Y57: 46217 | Z57: Complete | AB57: 1 | AC57: 46218 | AD57: 46224 | AE57: Complete | AG57: 0 | AH57: 46231 | AI57: 46233 | AJ57: Blocked | AL57: 0 | AM57: 46332 | AN57: 46338 | AO57: Not Started | AP57: 0
C58: 66 | G58: 41026700
A59: B-24-04663-CP50 | B59: 50450 | C59: 1 | D59: 46170 | E59: 46175 | F59: Complete | H59: 1 | I59: 46183 | J59: 46189 | K59: Complete | M59: 1 | N59: 46183 | O59: 46189 | P59: Complete | R59: 1 | S59: 46202 | T59: 46208 | U59: Complete | W59: 1 | X59: 46215 | Y59: 46217 | Z59: Complete | AB59: 1 | AC59: 46218 | AD59: 46224 | AE59: Complete | AG59: 1 | AH59: 46231 | AI59: 46233 | AJ59: Blocked | AL59: 0 | AM59: 46332 | AN59: 46338 | AO59: Not Started | AP59: 0
A60: B-24-04663-CP50 | B60: 50455 | C60: 1 | D60: 46170 | E60: 46175 | F60: Not Started | H60: 0.9 | I60: 46183 | J60: 46189 | K60: Not Started | M60: 0 | N60: 46183 | O60: 46189 | P60: Not Started | R60: 0 | S60: 46202 | T60: 46208 | U60: Not Started | W60: 0 | X60: 46215 | Y60: 46217 | Z60: Not Started | AB60: 0 | AC60: 46218 | AD60: 46224 | AE60: Not Started | AG60: 0 | AH60: 46231 | AI60: 46233 | AJ60: Blocked | AL60: 0 | AM60: 46332 | AN60: 46338 | AO60: Not Started | AP60: 0
A61: B-24-04663-CP50 | B61: 50460 | C61: 1 | D61: 46170 | E61: 46175 | F61: Not Started | G61: 41027200 | H61: 0.9 | I61: 46183 | J61: 46189 | K61: Not Started | M61: 0 | N61: 46183 | O61: 46189 | P61: Not Started | R61: 0 | S61: 46202 | T61: 46208 | U61: Not Started | W61: 0 | X61: 46215 | Y61: 46217 | Z61: Not Started | AB61: 0 | AC61: 46218 | AD61: 46224 | AE61: Not Started | AG61: 0 | AH61: 46231 | AI61: 46233 | AJ61: Blocked | AL61: 0 | AM61: 46332 | AN61: 46338 | AO61: Not Started | AP61: 0
A62: B-24-04663-CP50 | B62: 50465 | C62: 1 | D62: 46170 | E62: 46175 | F62: Not Started | H62: 1 | I62: 46183 | J62: 46189 | K62: Not Started | M62: 0 | N62: 46183 | O62: 46189 | P62: Not Started | R62: 0 | S62: 46202 | T62: 46208 | U62: Not Started | W62: 0 | X62: 46215 | Y62: 46217 | Z62: Not Started | AB62: 0 | AC62: 46218 | AD62: 46224 | AE62: Not Started | AG62: 0 | AH62: 46231 | AI62: 46233 | AJ62: Blocked | AL62: 0 | AM62: 46332 | AN62: 46338 | AO62: Not Started | AP62: 0
A63: B-24-04663-CP50 | B63: 50505 | C63: 1 | D63: 46170 | E63: 46175 | F63: Not Started | H63: 1 | I63: 46183 | J63: 46189 | K63: Not Started | M63: 0 | N63: 46183 | O63: 46189 | P63: Not Started | R63: 0 | S63: 46202 | T63: 46208 | U63: Not Started | W63: 0 | X63: 46215 | Y63: 46217 | Z63: Not Started | AB63: 0 | AC63: 46218 | AD63: 46224 | AE63: Not Started | AG63: 0 | AH63: 46231 | AI63: 46233 | AJ63: Blocked | AL63: 0 | AM63: 46332 | AN63: 46338 | AO63: Not Started | AP63: 0
A64: B-24-04663-CP50 | B64: 50510 | C64: 1 | D64: 46170 | E64: 46175 | F64: Not Started | H64: 1 | I64: 46183 | J64: 46189 | K64: Not Started | M64: 0 | N64: 46183 | O64: 46189 | P64: Not Started | R64: 0 | S64: 46209 | T64: 46214 | U64: Not Started | W64: 0 | X64: 46215 | Y64: 46217 | Z64: Not Started | AB64: 0 | AC64: 46218 | AD64: 46224 | AE64: Not Started | AG64: 0 | AH64: 46231 | AI64: 46233 | AJ64: Blocked | AL64: 0 | AM64: 46332 | AN64: 46338 | AO64: Not Started | AP64: 0
A65: B-24-04663-CP50 | B65: 50515 | C65: 1 | D65: 46170 | E65: 46175 | F65: Not Started | H65: 1 | I65: 46190 | J65: 46196 | K65: Not Started | M65: 0 | N65: 46190 | O65: 46196 | P65: Not Started | R65: 0 | S65: 46209 | T65: 46214 | U65: Not Started | W65: 0 | X65: 46215 | Y65: 46217 | Z65: Not Started | AB65: 0 | AC65: 46225 | AD65: 46230 | AE65: Not Started | AG65: 0 | AH65: 46231 | AI65: 46233 | AJ65: Blocked | AL65: 0 | AM65: 46332 | AN65: 46338 | AO65: Not Started | AP65: 0
A66: B-24-04663-CP50 | B66: 50701 | C66: 1 | D66: 46170 | E66: 46175 | F66: Not Started | G66: MDR Workstations | H66: 0 | I66: 46190 | J66: 46196 | K66: Not Started | M66: 0 | N66: 46190 | O66: 46196 | P66: Not Started | R66: 0 | S66: 46209 | T66: 46214 | U66: Not Started | W66: 0 | X66: 46215 | Y66: 46217 | Z66: Not Started | AB66: 0 | AC66: 46225 | AD66: 46230 | AE66: Not Started | AG66: 0 | AH66: 46231 | AI66: 46233 | AJ66: Blocked | AL66: 0 | AM66: 46332 | AN66: 46338 | AO66: Not Started | AP66: 0
A67: B-24-04663-CP50 | B67: 50702 | C67: 1 | D67: 46170 | E67: 46175 | F67: Not Started | G67: MDR Workstations | H67: 0 | I67: 46190 | J67: 46196 | K67: Not Started | M67: 0 | N67: 46190 | O67: 46196 | P67: Not Started | R67: 0 | S67: 46209 | T67: 46214 | U67: Not Started | W67: 0 | X67: 46215 | Y67: 46217 | Z67: Not Started | AB67: 0 | AC67: 46225 | AD67: 46230 | AE67: Not Started | AG67: 0 | AH67: 46231 | AI67: 46233 | AJ67: Blocked | AL67: 0 | AM67: 46332 | AN67: 46338 | AO67: Not Started | AP67: 0
A68: B-24-04663-CP50 | B68: 50703 | C68: 1 | D68: 46170 | E68: 46175 | F68: Not Started | G68: MDR Workstations | H68: 0 | I68: 46190 | J68: 46196 | K68: Not Started | M68: 0 | N68: 46190 | O68: 46196 | P68: Not Started | R68: 0 | S68: 46209 | T68: 46214 | U68: Not Started | W68: 0 | X68: 46215 | Y68: 46217 | Z68: Not Started | AB68: 0 | AC68: 46225 | AD68: 46230 | AE68: Not Started | AG68: 0 | AH68: 46231 | AI68: 46233 | AJ68: Blocked | AL68: 0 | AM68: 46332 | AN68: 46338 | AO68: Not Started | AP68: 0
A69: B-24-04663-CP50 | B69: 50704 | C69: 1 | D69: 46170 | E69: 46175 | F69: Not Started | G69: MDR Workstations | H69: 0 | I69: 46190 | J69: 46196 | K69: Not Started | M69: 0 | N69: 46190 | O69: 46196 | P69: Not Started | R69: 0 | S69: 46209 | T69: 46214 | U69: Not Started | W69: 0 | X69: 46215 | Y69: 46217 | Z69: Not Started | AB69: 0 | AC69: 46225 | AD69: 46230 | AE69: Not Started | AG69: 0 | AH69: 46231 | AI69: 46233 | AJ69: Blocked | AL69: 0 | AM69: 46332 | AN69: 46338 | AO69: Not Started | AP69: 0
A70: B-24-04663-CP50 | B70: 50705 | C70: 1 | D70: 46170 | E70: 46175 | F70: Not Started | G70: MDR Workstations | H70: 0 | I70: 46190 | J70: 46196 | K70: Not Started | M70: 0 | N70: 46190 | O70: 46196 | P70: Not Started | R70: 0 | S70: 46209 | T70: 46214 | U70: Not Started | W70: 0 | X70: 46215 | Y70: 46217 | Z70: Not Started | AB70: 0 | AC70: 46225 | AD70: 46230 | AE70: Not Started | AG70: 0 | AH70: 46231 | AI70: 46233 | AJ70: Blocked | AL70: 0 | AM70: 46332 | AN70: 46338 | AO70: Not Started | AP70: 0
A71: B-24-04663-CP50 | B71: 50706 | C71: 1 | D71: 46170 | E71: 46175 | F71: Not Started | G71: MDR Workstations | H71: 0 | I71: 46190 | J71: 46196 | K71: Not Started | M71: 0 | N71: 46190 | O71: 46196 | P71: Not Started | R71: 0 | S71: 46209 | T71: 46214 | U71: Not Started | W71: 0 | X71: 46215 | Y71: 46217 | Z71: Not Started | AB71: 0 | AC71: 46225 | AD71: 46230 | AE71: Not Started | AG71: 0 | AH71: 46231 | AI71: 46233 | AJ71: Blocked | AL71: 0 | AM71: 46332 | AN71: 46338 | AO71: Not Started | AP71: 0
A72: B-24-04663-CP50 | B72: 50707 | C72: 1 | D72: 46170 | E72: 46175 | F72: Not Started | G72: MDR Workstations | H72: 0 | I72: 46190 | J72: 46196 | K72: Not Started | M72: 0 | N72: 46190 | O72: 46196 | P72: Not Started | R72: 0 | S72: 46209 | T72: 46214 | U72: Not Started | W72: 0 | X72: 46215 | Y72: 46217 | Z72: Not Started | AB72: 0 | AC72: 46225 | AD72: 46230 | AE72: Not Started | AG72: 0 | AH72: 46231 | AI72: 46233 | AJ72: Blocked | AL72: 0 | AM72: 46332 | AN72: 46338 | AO72: Not Started | AP72: 0
A73: B-24-04663-CP50 | B73: 50709 | C73: 1 | D73: 46170 | E73: 46175 | F73: Not Started | G73: MDR Workstations | H73: 0 | I73: 46190 | J73: 46196 | K73: Not Started | M73: 0 | N73: 46190 | O73: 46196 | P73: Not Started | R73: 0 | S73: 46209 | T73: 46214 | U73: Not Started | W73: 0 | X73: 46215 | Y73: 46217 | Z73: Not Started | AB73: 0 | AC73: 46225 | AD73: 46230 | AE73: Not Started | AG73: 0 | AH73: 46231 | AI73: 46233 | AJ73: Blocked | AL73: 0 | AM73: 46332 | AN73: 46338 | AO73: Not Started | AP73: 0
A74: B-24-04663-CP50 | B74: 50710 | C74: 1 | D74: 46170 | E74: 46175 | F74: Not Started | G74: MDR Workstations | H74: 0 | I74: 46190 | J74: 46196 | K74: Not Started | M74: 0 | N74: 46190 | O74: 46196 | P74: Not Started | R74: 0 | S74: 46209 | T74: 46214 | U74: Not Started | W74: 0 | X74: 46215 | Y74: 46217 | Z74: Not Started | AB74: 0 | AC74: 46225 | AD74: 46230 | AE74: Not Started | AG74: 0 | AH74: 46231 | AI74: 46233 | AJ74: Blocked | AL74: 0 | AM74: 46332 | AN74: 46338 | AO74: Not Started | AP74: 0
A75: B-24-04663-CP50 | B75: 50711 | C75: 1 | D75: 46170 | E75: 46175 | F75: Not Started | G75: MDR Workstations | H75: 0 | I75: 46190 | J75: 46196 | K75: Not Started | M75: 0 | N75: 46190 | O75: 46196 | P75: Not Started | R75: 0 | S75: 46209 | T75: 46214 | U75: Not Started | W75: 0 | X75: 46215 | Y75: 46217 | Z75: Not Started | AB75: 0 | AC75: 46225 | AD75: 46230 | AE75: Not Started | AG75: 0 | AH75: 46231 | AI75: 46233 | AJ75: Blocked | AL75: 0 | AM75: 46332 | AN75: 46338 | AO75: Not Started | AP75: 0
A76: B-24-04663-CP50 | B76: 50712 | C76: 1 | D76: 46170 | E76: 46175 | F76: Not Started | G76: MDR Workstations | H76: 0 | I76: 46190 | J76: 46196 | K76: Not Started | M76: 0 | N76: 46190 | O76: 46196 | P76: Not Started | R76: 0 | S76: 46209 | T76: 46214 | U76: Not Started | W76: 0 | X76: 46215 | Y76: 46217 | Z76: Not Started | AB76: 0 | AC76: 46225 | AD76: 46230 | AE76: Not Started | AG76: 0 | AH76: 46231 | AI76: 46233 | AJ76: Blocked | AL76: 0 | AM76: 46332 | AN76: 46338 | AO76: Not Started | AP76: 0
A77: B-24-04663-CP50 | B77: 50713 | C77: 1 | D77: 46170 | E77: 46175 | F77: Not Started | G77: MDR Workstations | H77: 0 | I77: 46190 | J77: 46196 | K77: Not Started | M77: 0 | N77: 46190 | O77: 46196 | P77: Not Started | R77: 0 | S77: 46209 | T77: 46214 | U77: Not Started | W77: 0 | X77: 46215 | Y77: 46217 | Z77: Not Started | AB77: 0 | AC77: 46225 | AD77: 46230 | AE77: Not Started | AG77: 0 | AH77: 46231 | AI77: 46233 | AJ77: Blocked | AL77: 0 | AM77: 46332 | AN77: 46338 | AO77: Not Started | AP77: 0
... A120: B-24-04663-CP50 | B120: 50756 | C120: 1 | D120: 46170 | E120: 46175 | F120: Not Started | G120: MDR Workstations | H120: 0 | I120: 46197 | J120: 46201 | K120: Not Started | M120: 0 | N120: 46197 | O120: 46201 | P120: Not Started | R120: 0 | S120: 46209 | T120: 46214 | U120: Not Started | W120: 0 | X120: 46215 | Y120: 46217 | Z120: Not Started | AB120: 0 | AC120: 46225 | AD120: 46230 | AE120: Not Started | AG120: 0 | AH120: 46231 | AI120: 46233 | AJ120: Blocked | AL120: 0 | AM120: 46332 | AN120: 46338 | AO120: Not Started | AP120: 0
A121: Total | C121: 116 | H121: 0.36 | M121: 0.28 | R121: 0.28 | W121: 0.21 | AB121: 0.17 | AG121: 0.33 | AL121: 0 | AP121: 0
A123: Summary
A124: Task | B124: Weight | C124: Weighted Totals | D124: Complete | E124: Complete %
A125: Prep | B125: 0.1 | C125: =116*B125 -> 11.6 | D125: =SUM(H3:H120)*0.1 -> 5.745 | E125: =D125/C125 -> 0.49525862
A126: Erected | B126: 0.3 | C126: =116*B126 -> 34.8 | D126: =SUM(M3:M120)*0.3 -> 11.58 | E126: =D126/C126 -> 0.33275862
A127: Anchored | B127: 0.1 | C127: =116*B127 -> 11.6 | D127: =SUM(R3:R120)*0.1 -> 3.41 | E127: =D127/C127 -> 0.29396552
A128: Belting | B128: 0.2 | C128: =116*B128 -> 23.2 | D128: =SUM(W3:W120)*0.2 -> 4.94 | E128: =D128/C128 -> 0.21293103
A129: Bottom Pans | B129: 0.05 | C129: =116*B129 -> 5.8 | D129: =SUM(AB3:AB120)*0.05 -> 1.07 | E129: =D129/C129 -> 0.18448276
A130: Side Guide | B130: 0.2 | C130: =116*B130 -> 23.2 | D130: =SUM(AG3:AG120)*0.05 -> 1.8425 | E130: =D130/C130 -> 0.079418103
A131: Netting | B131: 0.05 | C131: =116*B131 -> 5.8 | D131: =SUM(AL3:AL120)*0.05 -> 0 | E131: =D131/C131 -> 0
A132: Total Completion | B132: 1 | C132: =SUM(C125:C131) -> 116 | D132: =SUM(D125:D131) -> 28.5875 | E132: =D132/C132 -> 0.24644397

Sheet CP51
A1: CP | B1: Asset | C1: Length | D1: Prep -10% | I1: Erected 30% | N1: Anchored 10% | S1: Belting - 20% | X1: Bottom Pans - 5% | AC1: Side Guide/Detail - 20% | AH1: Netting Bracket - 5% | AM1: Run-in
D2: Start | E2: Finish | F2: Status | G2: Notes | H2: % Complete | I2: Start | J2: Finish | K2: Status | L2: Notes | M2: % Complete | N2: Start | O2: Finish | P2: Status | Q2: Notes | R2: % Complete | S2: Start | T2: Finish | U2: Status | V2: Notes | W2: % Complete | X2: Start | Y2: Finish | Z2: Status | AA2: Notes | AB2: % Complete | AC2: Start | AD2: Finish | AE2: Status | AF2: Notes | AG2: % Complete | AH2: Start | AI2: Finish | AJ2: Status | AK2: Notes | AL2: % Complete | AM2: Start | AN2: Finish | AO2: Status | AP2: % Complete
A3: B-24-04663-CP51 | B3: 04663_51005 | C3: 1 | D3: 46190 | E3: 46195 | F3: Not Started | G3: 41022800-11180652 | H3: 0 | I3: 46196 | J3: 46202 | K3: Not Started | M3: 0 | N3: 46196 | O3: 46202 | P3: Not Started | R3: 0 | S3: 46222 | T3: 46227 | U3: Not Started | W3: 0 | X3: 46235 | Y3: 46237 | Z3: Not Started | AB3: 0 | AC3: 46238 | AD3: 46244 | AE3: Not Started | AG3: 0 | AH3: 46231 | AI3: 46233 | AJ3: Blocked | AL3: 0 | AM3: 46332 | AN3: 46338 | AO3: Not Started | AP3: 0
G4: 41044300
A5: B-24-04663-CP51 | B5: 04663_51015 | C5: 1 | D5: 46190 | E5: 46195 | F5: Complete | G5: Complete | H5: 1 | I5: 46196 | J5: 46202 | K5: Complete | L5: Complete | M5: 1 | N5: 46196 | O5: 46202 | P5: In Progress | Q5: In Progress | R5: 0.5 | S5: 46222 | T5: 46227 | U5: Not Started | W5: 0.2 | X5: 46235 | Y5: 46237 | Z5: In Progress | AB5: 1 | AC5: 46238 | AD5: 46244 | AE5: Not Started | AG5: 0 | AH5: 46231 | AI5: 46233 | AJ5: Blocked | AL5: 0 | AM5: 46332 | AN5: 46338 | AO5: Not Started | AP5: 0
A6: B-24-04663-CP51 | B6: 04663_51020 | C6: 1 | D6: 46190 | E6: 46195 | F6: Complete | G6: 41027200 | H6: 0.5 | I6: 46196 | J6: 46202 | K6: Complete | L6: Complete | M6: 1 | N6: 46196 | O6: 46202 | P6: Complete | Q6: Complete | R6: 1 | S6: 46222 | T6: 46227 | U6: Complete | W6: 1 | X6: 46235 | Y6: 46237 | Z6: Not Started | AB6: 0 | AC6: 46238 | AD6: 46244 | AE6: Not Started | AG6: 0 | AH6: 46231 | AI6: 46233 | AJ6: Blocked | AL6: 0 | AM6: 46332 | AN6: 46338 | AO6: Not Started | AP6: 0
A7: B-24-04663-CP51 | B7: 04663_51025 | C7: 1 | D7: 46190 | E7: 46195 | F7: Complete | G7: Complete | H7: 1 | I7: 46196 | J7: 46202 | K7: Complete | L7: Complete | M7: 1 | N7: 46196 | O7: 46202 | P7: Complete | Q7: Complete | R7: 1 | S7: 46222 | T7: 46227 | U7: Complete | W7: 1 | X7: 46235 | Y7: 46237 | Z7: Not Started | AB7: 0 | AC7: 46238 | AD7: 46244 | AE7: Not Started | AG7: 0 | AH7: 46231 | AI7: 46233 | AJ7: Blocked | AL7: 0 | AM7: 46332 | AN7: 46338 | AO7: Not Started | AP7: 0
A8: B-24-04663-CP51 | B8: 04663_51028 | C8: 1 | D8: 46190 | E8: 46195 | F8: Complete | G8: 41027200 | H8: 1 | I8: 46196 | J8: 46202 | K8: Complete | L8: Complete | M8: 1 | N8: 46196 | O8: 46202 | P8: Complete | Q8: Complete | R8: 1 | S8: 46222 | T8: 46227 | U8: Complete | W8: 1 | X8: 46235 | Y8: 46237 | Z8: Not Started | AB8: 0 | AC8: 46238 | AD8: 46244 | AE8: Not Started | AG8: 0 | AH8: 46231 | AI8: 46233 | AJ8: Blocked | AK8: NA | AL8: 1 | AM8: 46332 | AN8: 46338 | AO8: Not Started | AP8: 0
A9: B-24-04663-CP51 | B9: 04663_51030 | C9: 1 | D9: 46190 | E9: 46195 | F9: Complete | G9: 47010500-9305734 | H9: 0.9 | I9: 46196 | J9: 46202 | K9: Complete | L9: Complete | M9: 1 | N9: 46196 | O9: 46202 | P9: Not Started | Q9: Not anchored | R9: 0 | S9: 46222 | T9: 46227 | U9: Not Started | W9: 0 | X9: 46235 | Y9: 46237 | Z9: Not Started | AB9: 0 | AC9: 46238 | AD9: 46244 | AE9: Not Started | AG9: 0 | AH9: 46231 | AI9: 46233 | AJ9: Blocked | AL9: 0 | AM9: 46332 | AN9: 46338 | AO9: Not Started | AP9: 0
A10: B-24-04663-CP51 | B10: 04663_51035 | C10: 1 | D10: 46190 | E10: 46195 | F10: Complete | G10: Complete | H10: 1 | I10: 46196 | J10: 46202 | K10: Complete | L10: Complete | M10: 1 | N10: 46196 | O10: 46202 | P10: In Progress | Q10: In Progress | R10: 0.5 | S10: 46222 | T10: 46227 | U10: In Progress | V10: In Progress | W10: 0.5 | X10: 46235 | Y10: 46237 | Z10: In Progress | AB10: 0.5 | AC10: 46238 | AD10: 46244 | AE10: Not Started | AG10: 0.9 | AH10: 46231 | AI10: 46233 | AJ10: Blocked | AK10: NA | AL10: 1 | AM10: 46332 | AN10: 46338 | AO10: Not Started | AP10: 0
A11: B-24-04663-CP51 | B11: 04663_51040 | C11: 1 | D11: 46190 | E11: 46195 | F11: Complete | G11: Complete | H11: 1 | I11: 46196 | J11: 46202 | K11: Complete | L11: Complete | M11: 1 | N11: 46196 | O11: 46202 | P11: In Progress | Q11: In Progress | R11: 0.9 | S11: 46222 | T11: 46227 | U11: Not Started | W11: 0 | X11: 46235 | Y11: 46237 | Z11: In Progress | AB11: 0.5 | AC11: 46238 | AD11: 46244 | AE11: Not Started | AG11: 0.9 | AH11: 46231 | AI11: 46233 | AJ11: Blocked | AL11: 0 | AM11: 46332 | AN11: 46338 | AO11: Not Started | AP11: 0
A12: B-24-04663-CP51 | B12: 04663_51045 | C12: 1 | D12: 46190 | E12: 46195 | F12: Complete | G12: 49042700 | H12: 1 | I12: 46196 | J12: 46202 | K12: Complete | L12: Complete | M12: 1 | N12: 46196 | O12: 46202 | P12: Not Started | Q12: Not anchored | R12: 0 | S12: 46222 | T12: 46227 | U12: Not Started | W12: 0 | X12: 46235 | Y12: 46237 | Z12: Not Started | AB12: 0 | AC12: 46238 | AD12: 46244 | AE12: Not Started | AG12: 0 | AH12: 46231 | AI12: 46233 | AJ12: Blocked | AL12: 0 | AM12: 46332 | AN12: 46338 | AO12: Not Started | AP12: 0
A13: B-24-04663-CP51 | B13: 04663_51050 | C13: 1 | D13: 46190 | E13: 46195 | F13: Not Started | G13: 492534430-11175596 | H13: 0.5 | I13: 46196 | J13: 46202 | K13: Not Started | M13: 0 | N13: 46196 | O13: 46202 | P13: Not Started | R13: 0 | S13: 46222 | T13: 46227 | U13: Not Started | W13: 0 | X13: 46235 | Y13: 46237 | Z13: Not Started | AB13: 0 | AC13: 46238 | AD13: 46244 | AE13: Not Started | AG13: 0 | AH13: 46231 | AI13: 46233 | AJ13: Blocked | AL13: 0 | AM13: 46332 | AN13: 46338 | AO13: Not Started | AP13: 0
A14: B-24-04663-CP51 | B14: 04663_51055 | C14: 1 | D14: 46190 | E14: 46195 | F14: Not Started | H14: 0 | I14: 46196 | J14: 46202 | K14: Not Started | M14: 0 | N14: 46196 | O14: 46202 | P14: Not Started | R14: 0 | S14: 46222 | T14: 46227 | U14: Not Started | W14: 0 | X14: 46235 | Y14: 46237 | Z14: Not Started | AB14: 0 | AC14: 46238 | AD14: 46244 | AE14: Not Started | AG14: 0 | AH14: 46231 | AI14: 46233 | AJ14: Blocked | AL14: 0 | AM14: 46332 | AN14: 46338 | AO14: Not Started | AP14: 0
A15: B-24-04663-CP51 | B15: 04663_51060 | C15: 1 | D15: 46190 | E15: 46195 | F15: Not Started | H15: 0 | I15: 46196 | J15: 46202 | K15: Not Started | M15: 0 | N15: 46196 | O15: 46202 | P15: Not Started | R15: 0 | S15: 46222 | T15: 46227 | U15: Not Started | W15: 0 | X15: 46235 | Y15: 46237 | Z15: Not Started | AB15: 0 | AC15: 46238 | AD15: 46244 | AE15: Not Started | AG15: 0 | AH15: 46231 | AI15: 46233 | AJ15: Blocked | AL15: 0 | AM15: 46332 | AN15: 46338 | AO15: Not Started | AP15: 0
A16: B-24-04663-CP51 | B16: 04663_51065 | C16: 1 | D16: 46190 | E16: 46195 | F16: Not Started | H16: 0 | I16: 46196 | J16: 46202 | K16: Not Started | M16: 0 | N16: 46196 | O16: 46202 | P16: Not Started | R16: 0 | S16: 46222 | T16: 46227 | U16: Not Started | W16: 0 | X16: 46235 | Y16: 46237 | Z16: Not Started | AB16: 0 | AC16: 46238 | AD16: 46244 | AE16: Not Started | AG16: 0 | AH16: 46231 | AI16: 46233 | AJ16: Blocked | AL16: 0 | AM16: 46332 | AN16: 46338 | AO16: Not Started | AP16: 0
A17: B-24-04663-CP51 | B17: 04663_51105 | C17: 1 | D17: 46190 | E17: 46195 | F17: Not Started | H17: 0 | I17: 46196 | J17: 46202 | K17: Not Started | M17: 0 | N17: 46196 | O17: 46202 | P17: Not Started | R17: 0 | S17: 46222 | T17: 46227 | U17: Not Started | W17: 0 | X17: 46235 | Y17: 46237 | Z17: Not Started | AB17: 0 | AC17: 46238 | AD17: 46244 | AE17: Not Started | AG17: 0 | AH17: 46231 | AI17: 46233 | AJ17: Blocked | AL17: 0 | AM17: 46332 | AN17: 46338 | AO17: Not Started | AP17: 0
A18: B-24-04663-CP51 | B18: 04663_51115 | C18: 1 | D18: 46190 | E18: 46195 | F18: Complete | G18: 40099300-11180602 | H18: 0.9 | I18: 46196 | J18: 46202 | K18: Complete | L18: Complete | M18: 0.8 | N18: 46196 | O18: 46202 | P18: In Progress | Q18: In Progress | R18: 0.5 | S18: 46222 | T18: 46227 | U18: Not Started | W18: 0 | X18: 46235 | Y18: 46237 | Z18: In Progress | AB18: 1 | AC18: 46238 | AD18: 46244 | AE18: Not Started | AG18: 0 | AH18: 46231 | AI18: 46233 | AJ18: Blocked | AL18: 0 | AM18: 46332 | AN18: 46338 | AO18: Not Started | AP18: 0
G19: 40036200-11175547
A20: B-24-04663-CP51 | B20: 04663_51120 | C20: 1 | D20: 46190 | E20: 46195 | F20: Complete | G20: 41044300 | H20: 1 | I20: 46196 | J20: 46202 | K20: Complete | L20: Complete | M20: 1 | N20: 46196 | O20: 46202 | P20: Not Started | Q20: Not anchored | R20: 0 | S20: 46222 | T20: 46227 | U20: Not Started | W20: 0 | X20: 46235 | Y20: 46237 | Z20: Not Started | AB20: 0 | AC20: 46238 | AD20: 46244 | AE20: Not Started | AG20: 0 | AH20: 46231 | AI20: 46233 | AJ20: Blocked | AL20: 0 | AM20: 46332 | AN20: 46338 | AO20: Not Started | AP20: 0
A21: B-24-04663-CP51 | B21: 04663_51125 | C21: 1 | D21: 46190 | E21: 46195 | F21: Complete | G21: Complete | H21: 1 | I21: 46196 | J21: 46202 | K21: Complete | L21: Complete | M21: 1 | N21: 46196 | O21: 46202 | P21: In Progress | Q21: In Progress | R21: 0.5 | S21: 46222 | T21: 46227 | U21: Not Started | W21: 0 | X21: 46235 | Y21: 46237 | Z21: Not Started | AB21: 0 | AC21: 46238 | AD21: 46244 | AE21: Not Started | AG21: 0 | AH21: 46231 | AI21: 46233 | AJ21: Blocked | AL21: 0 | AM21: 46332 | AN21: 46338 | AO21: Not Started | AP21: 0
A22: B-24-04663-CP51 | B22: 04663_51128 | C22: 1 | D22: 46190 | E22: 46195 | F22: Complete | G22: Complete | H22: 1 | I22: 46196 | J22: 46202 | K22: Complete | L22: Complete | M22: 1 | N22: 46196 | O22: 46202 | P22: Not Started | Q22: Not anchored | R22: 0 | S22: 46222 | T22: 46227 | U22: Not Started | W22: 0 | X22: 46235 | Y22: 46237 | Z22: Not Started | AB22: 0 | AC22: 46238 | AD22: 46244 | AE22: Not Started | AG22: 0 | AH22: 46231 | AI22: 46233 | AJ22: Blocked | AL22: 0 | AM22: 46332 | AN22: 46338 | AO22: Not Started | AP22: 0
A23: B-24-04663-CP51 | B23: 04663_51130 | C23: 1 | D23: 46190 | E23: 46195 | F23: Complete | G23: Complete | H23: 1 | I23: 46196 | J23: 46202 | K23: Complete | L23: Complete | M23: 1 | N23: 46196 | O23: 46202 | P23: In Progress | Q23: In Progress | R23: 0.5 | S23: 46222 | T23: 46227 | U23: Not Started | W23: 0 | X23: 46235 | Y23: 46237 | Z23: Not Started | AB23: 0 | AC23: 46238 | AD23: 46244 | AE23: Not Started | AG23: 0 | AH23: 46231 | AI23: 46233 | AJ23: Blocked | AL23: 0 | AM23: 46332 | AN23: 46338 | AO23: Not Started | AP23: 0
A24: B-24-04663-CP51 | B24: 04663_51135 | C24: 1 | D24: 46190 | E24: 46195 | F24: Complete | G24: Complete | H24: 1 | I24: 46196 | J24: 46202 | K24: Complete | L24: Complete | M24: 1 | N24: 46196 | O24: 46202 | P24: In Progress | Q24: In Progress | R24: 0.5 | S24: 46222 | T24: 46227 | U24: Not Started | W24: 0 | X24: 46235 | Y24: 46237 | Z24: Not Started | AB24: 0 | AC24: 46238 | AD24: 46244 | AE24: Not Started | AG24: 0.9 | AH24: 46231 | AI24: 46233 | AJ24: Blocked | AL24: 0 | AM24: 46332 | AN24: 46338 | AO24: Not Started | AP24: 0
A25: B-24-04663-CP51 | B25: 04663_51140 | C25: 1 | D25: 46190 | E25: 46195 | F25: Complete | G25: Complete | H25: 1 | I25: 46196 | J25: 46202 | K25: Complete | L25: Complete | M25: 1 | N25: 46196 | O25: 46202 | P25: In Progress | Q25: In Progress | R25: 0.9 | S25: 46222 | T25: 46227 | U25: Not Started | W25: 0 | X25: 46235 | Y25: 46237 | Z25: Not Started | AB25: 0 | AC25: 46238 | AD25: 46244 | AE25: Not Started | AG25: 0.9 | AH25: 46231 | AI25: 46233 | AJ25: Blocked | AL25: 0 | AM25: 46332 | AN25: 46338 | AO25: Not Started | AP25: 0
A26: B-24-04663-CP51 | B26: 04663_51145 | C26: 1 | D26: 46190 | E26: 46195 | F26: Complete | G26: Complete | H26: 1 | I26: 46196 | J26: 46202 | K26: Complete | L26: Complete | M26: 1 | N26: 46196 | O26: 46202 | P26: Not Started | Q26: Not anchored | R26: 0 | S26: 46222 | T26: 46227 | U26: Not Started | W26: 0 | X26: 46235 | Y26: 46237 | Z26: Not Started | AB26: 0 | AC26: 46238 | AD26: 46244 | AE26: Not Started | AG26: 0 | AH26: 46231 | AI26: 46233 | AJ26: Blocked | AL26: 0 | AM26: 46332 | AN26: 46338 | AO26: Not Started | AP26: 0
A27: B-24-04663-CP51 | B27: 04663_51150 | C27: 1 | D27: 46190 | E27: 46195 | F27: Complete | G27: 49253230-11180618 | H27: 0.5 | I27: 46196 | J27: 46202 | K27: Complete | L27: Complete | M27: 1 | N27: 46196 | O27: 46202 | P27: Not Started | Q27: Not anchored | R27: 0 | S27: 46222 | T27: 46227 | U27: Not Started | W27: 0 | X27: 46235 | Y27: 46237 | Z27: Not Started | AB27: 0 | AC27: 46238 | AD27: 46244 | AE27: Not Started | AG27: 0 | AH27: 46231 | AI27: 46233 | AJ27: Blocked | AL27: 0 | AM27: 46332 | AN27: 46338 | AO27: Not Started | AP27: 0
G28: 49383930-11175578
G30: 49253430-11175584
A31: B-24-04663-CP51 | B31: 04663_51155 | C31: 1 | D31: 46190 | E31: 46195 | F31: Complete | G31: Complete | H31: 1 | I31: 46196 | J31: 46202 | K31: Complete | L31: Complete | M31: 1 | N31: 46196 | O31: 46202 | P31: Not Started | Q31: Not anchored | R31: 0 | S31: 46222 | T31: 46227 | U31: Not Started | W31: 0 | X31: 46235 | Y31: 46237 | Z31: Not Started | AB31: 0 | AC31: 46238 | AD31: 46244 | AE31: Not Started | AG31: 0 | AH31: 46231 | AI31: 46233 | AJ31: Blocked | AL31: 0 | AM31: 46332 | AN31: 46338 | AO31: Not Started | AP31: 0
A32: B-24-04663-CP51 | B32: 04663_51160 | C32: 1 | D32: 46190 | E32: 46195 | F32: Not Started | H32: 0 | I32: 46196 | J32: 46202 | K32: Not Started | M32: 0 | N32: 46196 | O32: 46202 | P32: Not Started | R32: 0 | S32: 46222 | T32: 46227 | U32: Not Started | W32: 0 | X32: 46235 | Y32: 46237 | Z32: Not Started | AB32: 0 | AC32: 46238 | AD32: 46244 | AE32: Not Started | AG32: 0 | AH32: 46231 | AI32: 46233 | AJ32: Blocked | AL32: 0 | AM32: 46332 | AN32: 46338 | AO32: Not Started | AP32: 0
A33: B-24-04663-CP51 | B33: 04663_51165 | C33: 1 | D33: 46190 | E33: 46195 | F33: Not Started | H33: 0 | I33: 46196 | J33: 46202 | K33: Not Started | M33: 0 | N33: 46196 | O33: 46202 | P33: Not Started | R33: 0 | S33: 46222 | T33: 46227 | U33: Not Started | W33: 0 | X33: 46235 | Y33: 46237 | Z33: Not Started | AB33: 0 | AC33: 46238 | AD33: 46244 | AE33: Not Started | AG33: 0 | AH33: 46231 | AI33: 46233 | AJ33: Blocked | AL33: 0 | AM33: 46332 | AN33: 46338 | AO33: Not Started | AP33: 0
A34: B-24-04663-CP51 | B34: 04663_51205 | C34: 1 | D34: 46190 | E34: 46195 | F34: Not Started | G34: 41044300 | H34: 0 | I34: 46196 | J34: 46202 | K34: Not Started | M34: 0 | N34: 46196 | O34: 46202 | P34: Not Started | R34: 0 | S34: 46222 | T34: 46227 | U34: Not Started | W34: 0 | X34: 46235 | Y34: 46237 | Z34: Not Started | AB34: 0 | AC34: 46238 | AD34: 46244 | AE34: Not Started | AG34: 0 | AH34: 46231 | AI34: 46233 | AJ34: Blocked | AL34: 0 | AM34: 46332 | AN34: 46338 | AO34: Not Started | AP34: 0
A35: B-24-04663-CP51 | B35: 04663_51215 | C35: 1 | D35: 46190 | E35: 46195 | F35: Complete | G35: Complete | H35: 1 | I35: 46196 | J35: 46202 | K35: Complete | L35: Complete | M35: 0.9 | N35: 46196 | O35: 46202 | P35: In Progress | Q35: In Progress | R35: 0.8 | S35: 46222 | T35: 46227 | U35: Not Started | W35: 0 | X35: 46235 | Y35: 46237 | Z35: In Progress | AB35: 0.8 | AC35: 46238 | AD35: 46244 | AE35: Not Started | AG35: 0 | AH35: 46231 | AI35: 46233 | AJ35: Blocked | AL35: 0 | AM35: 46332 | AN35: 46338 | AO35: Not Started | AP35: 0
A36: B-24-04663-CP51 | B36: 04663_51220 | C36: 1 | D36: 46190 | E36: 46195 | F36: Complete | G36: Complete | H36: 1 | I36: 46196 | J36: 46202 | K36: Complete | L36: Complete | M36: 1 | N36: 46196 | O36: 46202 | P36: Not Started | Q36: Not anchored | R36: 1 | S36: 46222 | T36: 46227 | U36: Complete | W36: 1 | X36: 46235 | Y36: 46237 | Z36: Not Started | AB36: 0 | AC36: 46238 | AD36: 46244 | AE36: Not Started | AG36: 0 | AH36: 46231 | AI36: 46233 | AJ36: Blocked | AL36: 0 | AM36: 46332 | AN36: 46338 | AO36: Not Started | AP36: 0
G37: 41044300
A38: B-24-04663-CP51 | B38: 04663_51225 | C38: 1 | D38: 46190 | E38: 46195 | F38: Complete | G38: Complete | H38: 1 | I38: 46196 | J38: 46202 | K38: Complete | L38: Complete | M38: 1 | N38: 46196 | O38: 46202 | P38: In Progress | Q38: In Progress | R38: 0.5 | S38: 46222 | T38: 46227 | U38: Complete | V38: Complete | W38: 1 | X38: 46235 | Y38: 46237 | Z38: Not Started | AA38: Not Started | AB38: 0 | AC38: 46238 | AD38: 46244 | AE38: Not Started | AF38: Not Started | AG38: 0 | AH38: 46231 | AI38: 46233 | AJ38: Blocked | AL38: 0 | AM38: 46332 | AN38: 46338 | AO38: Not Started | AP38: 0
A39: B-24-04663-CP51 | B39: 04663_51228 | C39: 1 | D39: 46190 | E39: 46195 | F39: Complete | G39: 41027200 | H39: 1 | I39: 46196 | J39: 46202 | K39: Complete | L39: Complete | M39: 1 | N39: 46196 | O39: 46202 | P39: Not Started | Q39: Complete | R39: 1 | S39: 46222 | T39: 46227 | U39: Complete | V39: Complete | W39: 1 | X39: 46235 | Y39: 46237 | Z39: Not Started | AB39: 0 | AC39: 46238 | AD39: 46244 | AE39: Not Started | AG39: 0 | AH39: 46231 | AI39: 46233 | AJ39: Blocked | AL39: 0 | AM39: 46332 | AN39: 46338 | AO39: Not Started | AP39: 0
A40: B-24-04663-CP51 | B40: 04663_51230 | C40: 1 | D40: 46190 | E40: 46195 | F40: Complete | G40: Complete | H40: 1 | I40: 46196 | J40: 46202 | K40: Complete | L40: Complete | M40: 1 | N40: 46196 | O40: 46202 | P40: In Progress | Q40: In Progress | R40: 0.5 | S40: 46222 | T40: 46227 | U40: Complete | V40: Complete | W40: 1 | X40: 46235 | Y40: 46237 | Z40: Not Started | AA40: Not Started | AB40: 0 | AC40: 46238 | AD40: 46244 | AE40: Not Started | AF40: Not Started | AG40: 0 | AH40: 46231 | AI40: 46233 | AJ40: Blocked | AL40: 0 | AM40: 46332 | AN40: 46338 | AO40: Not Started | AP40: 0
A41: B-24-04663-CP51 | B41: 04663_51235 | C41: 1 | D41: 46190 | E41: 46195 | F41: Complete | G41: Complete | H41: 1 | I41: 46196 | J41: 46202 | K41: Complete | L41: Complete | M41: 1 | N41: 46196 | O41: 46202 | P41: In Progress | Q41: In Progress | R41: 0.8 | S41: 46222 | T41: 46227 | U41: In Progress | V41: In Progress | W41: 0.8 | X41: 46235 | Y41: 46237 | Z41: Not Started | AB41: 0 | AC41: 46238 | AD41: 46244 | AE41: Not Started | AG41: 0.9 | AH41: 46231 | AI41: 46233 | AJ41: Blocked | AL41: 0 | AM41: 46332 | AN41: 46338 | AO41: Not Started | AP41: 0
A42: B-24-04663-CP51 | B42: 04663_51240 | C42: 1 | D42: 46190 | E42: 46195 | F42: Complete | G42: Complete | H42: 1 | I42: 46196 | J42: 46202 | K42: Complete | L42: Complete | M42: 1 | N42: 46196 | O42: 46202 | P42: In Progress | Q42: In Progress | R42: 0.8 | S42: 46222 | T42: 46227 | U42: Not Started | V42: Not Started | W42: 0 | X42: 46235 | Y42: 46237 | Z42: In Progress | AB42: 0.8 | AC42: 46238 | AD42: 46244 | AE42: Not Started | AG42: 0.9 | AH42: 46231 | AI42: 46233 | AJ42: Blocked | AL42: 0 | AM42: 46332 | AN42: 46338 | AO42: Not Started | AP42: 0
A43: B-24-04663-CP51 | B43: 04663_51245 | C43: 1 | D43: 46190 | E43: 46195 | F43: Complete | G43: Complete | H43: 1 | I43: 46196 | J43: 46202 | K43: Complete | L43: Complete | M43: 1 | N43: 46196 | O43: 46202 | P43: Not Started | Q43: Not anchored | R43: 0 | S43: 46222 | T43: 46227 | U43: Not Started | V43: Not Started | W43: 0 | X43: 46235 | Y43: 46237 | Z43: Not Started | AB43: 0 | AC43: 46238 | AD43: 46244 | AE43: Not Started | AG43: 0 | AH43: 46231 | AI43: 46233 | AJ43: Blocked | AL43: 0 | AM43: 46332 | AN43: 46338 | AO43: Not Started | AP43: 0
A44: B-24-04663-CP51 | B44: 04663_51250 | C44: 1 | D44: 46190 | E44: 46195 | F44: Complete | G44: 49253230-11180618 | H44: 0.5 | I44: 46196 | J44: 46202 | K44: Complete | L44: Complete | M44: 1 | N44: 46196 | O44: 46202 | P44: Not Started | Q44: Not anchored | R44: 0 | S44: 46222 | T44: 46227 | U44: Not Started | V44: Not Started | W44: 0 | X44: 46235 | Y44: 46237 | Z44: Not Started | AB44: 0 | AC44: 46238 | AD44: 46244 | AE44: Not Started | AG44: 0 | AH44: 46231 | AI44: 46233 | AJ44: Blocked | AL44: 0 | AM44: 46332 | AN44: 46338 | AO44: Not Started | AP44: 0
G45: 49383930-11175578
G46: 49253430-11175584
A47: B-24-04663-CP51 | B47: 04663_51255 | C47: 1 | D47: 46190 | E47: 46195 | F47: Not Started | H47: 0 | I47: 46196 | J47: 46202 | K47: Not Started | M47: 0 | N47: 46196 | O47: 46202 | P47: Not Started | R47: 0 | S47: 46222 | T47: 46227 | U47: Not Started | W47: 0 | X47: 46235 | Y47: 46237 | Z47: Not Started | AB47: 0 | AC47: 46238 | AD47: 46244 | AE47: Not Started | AG47: 0 | AH47: 46231 | AI47: 46233 | AJ47: Blocked | AL47: 0 | AM47: 46332 | AN47: 46338 | AO47: Not Started | AP47: 0
A48: B-24-04663-CP51 | B48: 04663_51260 | C48: 1 | D48: 46190 | E48: 46195 | F48: Not Started | H48: 0 | I48: 46196 | J48: 46202 | K48: Not Started | M48: 0 | N48: 46196 | O48: 46202 | P48: Not Started | R48: 0 | S48: 46222 | T48: 46227 | U48: Not Started | W48: 0 | X48: 46235 | Y48: 46237 | Z48: Not Started | AB48: 0 | AC48: 46238 | AD48: 46244 | AE48: Not Started | AG48: 0 | AH48: 46231 | AI48: 46233 | AJ48: Blocked | AL48: 0 | AM48: 46332 | AN48: 46338 | AO48: Not Started | AP48: 0
A49: B-24-04663-CP51 | B49: 04663_51265 | C49: 1 | D49: 46190 | E49: 46195 | F49: Not Started | H49: 0 | I49: 46196 | J49: 46202 | K49: Not Started | M49: 0 | N49: 46196 | O49: 46202 | P49: Not Started | R49: 0 | S49: 46222 | T49: 46227 | U49: Not Started | W49: 0 | X49: 46235 | Y49: 46237 | Z49: Not Started | AB49: 0 | AC49: 46238 | AD49: 46244 | AE49: Not Started | AG49: 0 | AH49: 46231 | AI49: 46233 | AJ49: Blocked | AL49: 0 | AM49: 46332 | AN49: 46338 | AO49: Not Started | AP49: 0
A50: B-24-04663-CP51 | B50: 04663_51305 | C50: 1 | D50: 46190 | E50: 46195 | F50: Not Started | G50: 41044300 | H50: 0.5 | I50: 46196 | J50: 46202 | K50: Not Started | M50: 0 | N50: 46196 | O50: 46202 | P50: Not Started | R50: 0 | S50: 46222 | T50: 46227 | U50: Not Started | W50: 0 | X50: 46235 | Y50: 46237 | Z50: Not Started | AB50: 0 | AC50: 46238 | AD50: 46244 | AE50: Not Started | AG50: 0 | AH50: 46231 | AI50: 46233 | AJ50: Blocked | AL50: 0 | AM50: 46332 | AN50: 46338 | AO50: Not Started | AP50: 0
A51: B-24-04663-CP51 | B51: 04663_51308 | C51: 1 | D51: 46190 | E51: 46195 | F51: Not Started | H51: 0 | I51: 46196 | J51: 46202 | K51: Not Started | M51: 0 | N51: 46196 | O51: 46202 | P51: Not Started | R51: 0 | S51: 46222 | T51: 46227 | U51: Not Started | W51: 0 | X51: 46235 | Y51: 46237 | Z51: Not Started | AB51: 0 | AC51: 46238 | AD51: 46244 | AE51: Not Started | AG51: 0 | AH51: 46231 | AI51: 46233 | AJ51: Blocked | AL51: 0 | AM51: 46332 | AN51: 46338 | AO51: Not Started | AP51: 0
A52: B-24-04663-CP51 | B52: 04663_51310 | C52: 1 | D52: 46190 | E52: 46195 | F52: Not Started | H52: 0 | I52: 46196 | J52: 46202 | K52: Not Started | M52: 0 | N52: 46196 | O52: 46202 | P52: Not Started | R52: 0 | S52: 46222 | T52: 46227 | U52: Not Started | W52: 0 | X52: 46235 | Y52: 46237 | Z52: Not Started | AB52: 0 | AC52: 46238 | AD52: 46244 | AE52: Not Started | AG52: 0 | AH52: 46231 | AI52: 46233 | AJ52: Blocked | AL52: 0 | AM52: 46332 | AN52: 46338 | AO52: Not Started | AP52: 0
A53: B-24-04663-CP51 | B53: 04663_51312 | C53: 1 | D53: 46190 | E53: 46195 | F53: Not Started | H53: 0 | I53: 46196 | J53: 46202 | K53: Not Started | M53: 0 | N53: 46196 | O53: 46202 | P53: Not Started | R53: 0 | S53: 46222 | T53: 46227 | U53: Not Started | W53: 0 | X53: 46235 | Y53: 46237 | Z53: Not Started | AB53: 0 | AC53: 46238 | AD53: 46244 | AE53: Not Started | AG53: 0 | AH53: 46231 | AI53: 46233 | AJ53: Blocked | AL53: 0 | AM53: 46332 | AN53: 46338 | AO53: Not Started | AP53: 0
A54: B-24-04663-CP51 | B54: 04663_51315 | C54: 1 | D54: 46190 | E54: 46195 | F54: Complete | G54: Complete | H54: 1 | I54: 46196 | J54: 46202 | K54: Complete | L54: Complete | M54: 0.9 | N54: 46196 | O54: 46202 | P54: In Progress | Q54: In Progress | R54: 0.8 | S54: 46222 | T54: 46227 | U54: Not Started | V54: Not Started | W54: 0 | X54: 46235 | Y54: 46237 | Z54: In Progress | AB54: 0.8 | AC54: 46238 | AD54: 46244 | AE54: Not Started | AG54: 0 | AH54: 46231 | AI54: 46233 | AJ54: Blocked | AL54: 0 | AM54: 46332 | AN54: 46338 | AO54: Not Started | AP54: 0
A55: B-24-04663-CP51 | B55: 04663_51320 | C55: 1 | D55: 46190 | E55: 46195 | F55: Complete | G55: 41044300 | H55: 0.5 | I55: 46196 | J55: 46202 | K55: Complete | M55: 0 | N55: 46196 | O55: 46202 | P55: Not Started | Q55: Not anchored | R55: 0 | S55: 46222 | T55: 46227 | U55: Not Started | V55: Not Started | W55: 0 | X55: 46235 | Y55: 46237 | Z55: Not Started | AB55: 0 | AC55: 46238 | AD55: 46244 | AE55: Not Started | AG55: 0 | AH55: 46231 | AI55: 46233 | AJ55: Blocked | AL55: 0 | AM55: 46332 | AN55: 46338 | AO55: Not Started | AP55: 0
G56: 41169100-11025567
A57: B-24-04663-CP51 | B57: 04663_51325 | C57: 1 | D57: 46190 | E57: 46195 | F57: Complete | G57: Complete | H57: 1 | I57: 46196 | J57: 46202 | K57: Complete | L57: Complete | M57: 1 | N57: 46196 | O57: 46202 | P57: Not Started | Q57: Not anchored | R57: 0 | S57: 46222 | T57: 46227 | U57: Not Started | V57: Not Started | W57: 0 | X57: 46235 | Y57: 46237 | Z57: Not Started | AB57: 0 | AC57: 46238 | AD57: 46244 | AE57: Not Started | AG57: 0 | AH57: 46231 | AI57: 46233 | AJ57: Blocked | AL57: 0 | AM57: 46332 | AN57: 46338 | AO57: Not Started | AP57: 0
A58: B-24-04663-CP51 | B58: 04663_51330 | C58: 1 | D58: 46190 | E58: 46195 | F58: Complete | G58: Complete | H58: 1 | I58: 46196 | J58: 46202 | K58: Complete | L58: Complete | M58: 1 | N58: 46196 | O58: 46202 | P58: Not Started | Q58: Not anchored | R58: 0 | S58: 46222 | T58: 46227 | U58: Not Started | V58: Not Started | W58: 0 | X58: 46235 | Y58: 46237 | Z58: Not Started | AB58: 0 | AC58: 46238 | AD58: 46244 | AE58: Not Started | AG58: 0 | AH58: 46231 | AI58: 46233 | AJ58: Blocked | AL58: 0 | AM58: 46332 | AN58: 46338 | AO58: Not Started | AP58: 0
A59: B-24-04663-CP51 | B59: 04663_51335 | C59: 1 | D59: 46190 | E59: 46195 | F59: Complete | G59: Complete | H59: 1 | I59: 46196 | J59: 46202 | K59: Complete | L59: Complete | M59: 1 | N59: 46196 | O59: 46202 | P59: In Progress | Q59: In Progress | R59: 0.8 | S59: 46222 | T59: 46227 | U59: In Progress | V59: In Progress | W59: 0.8 | X59: 46235 | Y59: 46237 | Z59: In Progress | AB59: 0 | AC59: 46238 | AD59: 46244 | AE59: In Progress | AG59: 0 | AH59: 46231 | AI59: 46233 | AJ59: Blocked | AL59: 0 | AM59: 46332 | AN59: 46338 | AO59: Not Started | AP59: 0
A60: B-24-04663-CP51 | B60: 04663_51340 | C60: 1 | D60: 46190 | E60: 46195 | F60: Complete | G60: Complete | H60: 1 | I60: 46196 | J60: 46202 | K60: Complete | L60: Complete | M60: 1 | N60: 46196 | O60: 46202 | P60: Not Started | Q60: Not anchored | R60: 0 | S60: 46222 | T60: 46227 | U60: Not Started | V60: Not Started | W60: 0 | X60: 46235 | Y60: 46237 | Z60: Not Started | AB60: 0 | AC60: 46238 | AD60: 46244 | AE60: Not Started | AG60: 0 | AH60: 46231 | AI60: 46233 | AJ60: Blocked | AL60: 0 | AM60: 46332 | AN60: 46338 | AO60: Not Started | AP60: 0
A61: B-24-04663-CP51 | B61: 04663_51345 | C61: 1 | D61: 46190 | E61: 46195 | F61: Complete | G61: 49175200-11417087 | H61: 1 | I61: 46196 | J61: 46202 | K61: Complete | L61: Complete | M61: 1 | N61: 46196 | O61: 46202 | P61: Not Started | Q61: Not anchored | R61: 0 | S61: 46222 | T61: 46227 | U61: Not Started | V61: Not Started | W61: 0 | X61: 46235 | Y61: 46237 | Z61: Not Started | AB61: 0 | AC61: 46238 | AD61: 46244 | AE61: Not Started | AG61: 0 | AH61: 46231 | AI61: 46233 | AJ61: Blocked | AL61: 0 | AM61: 46332 | AN61: 46338 | AO61: Not Started | AP61: 0
A62: B-24-04663-CP51 | B62: 04663_51350 | C62: 1 | D62: 46190 | E62: 46195 | F62: Complete | G62: 49253230-11180618 | H62: 1 | I62: 46203 | J62: 46208 | K62: Complete | L62: Complete | M62: 1 | N62: 46203 | O62: 46208 | P62: Not Started | Q62: Not anchored | R62: 0 | S62: 46222 | T62: 46227 | U62: Not Started | V62: Not Started | W62: 0 | X62: 46235 | Y62: 46237 | Z62: Not Started | AB62: 0 | AC62: 46238 | AD62: 46244 | AE62: Not Started | AG62: 0 | AH62: 46231 | AI62: 46233 | AJ62: Blocked | AL62: 0 | AM62: 46332 | AN62: 46338 | AO62: Not Started | AP62: 0
G63: 49383930-11175578 x 2
G64: 49253430-11175584
A65: B-24-04663-CP51 | B65: 04663_51355 | C65: 1 | D65: 46190 | E65: 46195 | F65: Not Started | H65: 0 | I65: 46203 | J65: 46208 | K65: Not Started | M65: 0 | N65: 46203 | O65: 46208 | P65: Not Started | R65: 0 | S65: 46222 | T65: 46227 | U65: Not Started | W65: 0 | X65: 46235 | Y65: 46237 | Z65: Not Started | AB65: 0 | AC65: 46238 | AD65: 46244 | AE65: Not Started | AG65: 0 | AH65: 46231 | AI65: 46233 | AJ65: Blocked | AL65: 0 | AM65: 46332 | AN65: 46338 | AO65: Not Started | AP65: 0
A66: B-24-04663-CP51 | B66: 04663_51360 | C66: 1 | D66: 46190 | E66: 46195 | F66: Not Started | H66: 0 | I66: 46203 | J66: 46208 | K66: Not Started | M66: 0 | N66: 46203 | O66: 46208 | P66: Not Started | R66: 0 | S66: 46222 | T66: 46227 | U66: Not Started | W66: 0 | X66: 46235 | Y66: 46237 | Z66: Not Started | AB66: 0 | AC66: 46238 | AD66: 46244 | AE66: Not Started | AG66: 0 | AH66: 46231 | AI66: 46233 | AJ66: Blocked | AL66: 0 | AM66: 46332 | AN66: 46338 | AO66: Not Started | AP66: 0
A67: B-24-04663-CP51 | B67: 04663_51365 | C67: 1 | D67: 46190 | E67: 46195 | F67: Not Started | H67: 0 | I67: 46203 | J67: 46208 | K67: Not Started | M67: 0 | N67: 46203 | O67: 46208 | P67: Not Started | R67: 0 | S67: 46222 | T67: 46227 | U67: Not Started | W67: 0 | X67: 46235 | Y67: 46237 | Z67: Not Started | AB67: 0 | AC67: 46238 | AD67: 46244 | AE67: Not Started | AG67: 0 | AH67: 46231 | AI67: 46233 | AJ67: Blocked | AL67: 0 | AM67: 46332 | AN67: 46338 | AO67: Not Started | AP67: 0
A68: B-24-04663-CP51 | B68: 04663_51405 | C68: 1 | D68: 46190 | E68: 46195 | F68: Not Started | G68: 41044300 | H68: 0.5 | I68: 46203 | J68: 46208 | K68: Not Started | M68: 0 | N68: 46203 | O68: 46208 | P68: Not Started | R68: 0 | S68: 46222 | T68: 46227 | U68: Not Started | W68: 0 | X68: 46235 | Y68: 46237 | Z68: Not Started | AB68: 0 | AC68: 46238 | AD68: 46244 | AE68: Not Started | AG68: 0 | AH68: 46231 | AI68: 46233 | AJ68: Blocked | AL68: 0 | AM68: 46332 | AN68: 46338 | AO68: Not Started | AP68: 0
A69: B-24-04663-CP51 | B69: 04663_51408 | C69: 1 | D69: 46190 | E69: 46195 | F69: Not Started | H69: 0 | I69: 46203 | J69: 46208 | K69: Not Started | M69: 0 | N69: 46203 | O69: 46208 | P69: Not Started | R69: 0 | S69: 46222 | T69: 46227 | U69: Not Started | W69: 0 | X69: 46235 | Y69: 46237 | Z69: Not Started | AB69: 0 | AC69: 46238 | AD69: 46244 | AE69: Not Started | AG69: 0 | AH69: 46231 | AI69: 46233 | AJ69: Blocked | AL69: 0 | AM69: 46332 | AN69: 46338 | AO69: Not Started | AP69: 0
A70: B-24-04663-CP51 | B70: 04663_51410 | C70: 1 | D70: 46190 | E70: 46195 | F70: Not Started | G70: 49182200-11180682 | H70: 0.5 | I70: 46203 | J70: 46208 | K70: Not Started | M70: 0 | N70: 46203 | O70: 46208 | P70: Not Started | R70: 0 | S70: 46222 | T70: 46227 | U70: Not Started | W70: 0 | X70: 46235 | Y70: 46237 | Z70: Not Started | AB70: 0 | AC70: 46238 | AD70: 46244 | AE70: Not Started | AG70: 0 | AH70: 46231 | AI70: 46233 | AJ70: Blocked | AL70: 0 | AM70: 46332 | AN70: 46338 | AO70: Not Started | AP70: 0
A71: B-24-04663-CP51 | B71: 04663_51412 | C71: 1 | D71: 46190 | E71: 46195 | F71: Not Started | H71: 0 | I71: 46203 | J71: 46208 | K71: Not Started | M71: 0 | N71: 46203 | O71: 46208 | P71: Not Started | R71: 0 | S71: 46222 | T71: 46227 | U71: Not Started | W71: 0 | X71: 46235 | Y71: 46237 | Z71: Not Started | AB71: 0 | AC71: 46238 | AD71: 46244 | AE71: Not Started | AG71: 0 | AH71: 46231 | AI71: 46233 | AJ71: Blocked | AL71: 0 | AM71: 46332 | AN71: 46338 | AO71: Not Started | AP71: 0
A72: B-24-04663-CP51 | B72: 04663_51414 | C72: 1 | D72: 46190 | E72: 46195 | F72: Not Started | G72: 41027200 | H72: 0.5 | I72: 46203 | J72: 46208 | K72: Not Started | M72: 0 | N72: 46203 | O72: 46208 | P72: Not Started | R72: 0 | S72: 46222 | T72: 46227 | U72: Not Started | W72: 0 | X72: 46235 | Y72: 46237 | Z72: Not Started | AB72: 0 | AC72: 46238 | AD72: 46244 | AE72: Not Started | AG72: 0 | AH72: 46231 | AI72: 46233 | AJ72: Blocked | AL72: 0 | AM72: 46332 | AN72: 46338 | AO72: Not Started | AP72: 0
A73: B-24-04663-CP51 | B73: 04663_51415 | C73: 1 | D73: 46190 | E73: 46195 | F73: Complete | G73: Complete | H73: 1 | I73: 46203 | J73: 46208 | K73: Complete | L73: Complete | M73: 0.75 | N73: 46203 | O73: 46208 | P73: In Progress | Q73: In Progress | R73: 0.9 | S73: 46222 | T73: 46227 | U73: Not Started | V73: Not Started | W73: 0 | X73: 46235 | Y73: 46237 | Z73: In Progress | AB73: 0.9 | AC73: 46238 | AD73: 46244 | AE73: Not Started | AG73: 0.9 | AH73: 46231 | AI73: 46233 | AJ73: Blocked | AL73: 0 | AM73: 46332 | AN73: 46338 | AO73: Not Started | AP73: 0
A74: B-24-04663-CP51 | B74: 04663_51420 | C74: 1 | D74: 46190 | E74: 46195 | F74: Complete | G74: Complete | H74: 1 | I74: 46203 | J74: 46208 | K74: Complete | L74: faltan soportes | M74: 0.5 | N74: 46203 | O74: 46208 | P74: Not Started | Q74: Not anchored | R74: 0 | S74: 46222 | T74: 46227 | U74: Not Started | V74: Not Started | W74: 0 | X74: 46235 | Y74: 46237 | Z74: Not Started | AB74: 0 | AC74: 46238 | AD74: 46244 | AE74: Not Started | AG74: 0 | AH74: 46231 | AI74: 46233 | AJ74: Blocked | AL74: 0 | AM74: 46332 | AN74: 46338 | AO74: Not Started | AP74: 0
A75: B-24-04663-CP51 | B75: 04663_51425 | C75: 1 | D75: 46190 | E75: 46195 | F75: Complete | G75: Complete | H75: 1 | I75: 46203 | J75: 46208 | K75: Complete | L75: Complete | M75: 1 | N75: 46203 | O75: 46208 | P75: Not Started | Q75: Not anchored | R75: 1 | S75: 46222 | T75: 46227 | U75: Complete | V75: Complete | W75: 1 | X75: 46235 | Y75: 46237 | Z75: Not Started | AA75: Not Started | AB75: 0 | AC75: 46238 | AD75: 46244 | AE75: Not Started | AF75: Not Started | AG75: 0 | AH75: 46231 | AI75: 46233 | AJ75: Blocked | AL75: 0 | AM75: 46332 | AN75: 46338 | AO75: Not Started | AP75: 0
A76: B-24-04663-CP51 | B76: 04663_51430 | C76: 1 | D76: 46190 | E76: 46195 | F76: Complete | G76: Complete | H76: 1 | I76: 46203 | J76: 46208 | K76: Complete | L76: Complete | M76: 1 | N76: 46203 | O76: 46208 | P76: Not Started | Q76: Not anchored | R76: 1 | S76: 46222 | T76: 46227 | U76: Complete | V76: Complete | W76: 1 | X76: 46235 | Y76: 46237 | Z76: Not Started | AA76: Not Started | AB76: 0 | AC76: 46238 | AD76: 46244 | AE76: Not Started | AF76: Not Started | AG76: 0 | AH76: 46231 | AI76: 46233 | AJ76: Blocked | AL76: 0 | AM76: 46332 | AN76: 46338 | AO76: Not Started | AP76: 0
A77: B-24-04663-CP51 | B77: 04663_51431 | C77: 1 | D77: 46190 | E77: 46195 | F77: Complete | G77: Complete | H77: 1 | I77: 46203 | J77: 46208 | K77: Complete | L77: Complete | M77: 1 | N77: 46203 | O77: 46208 | P77: Not Started | Q77: Not anchored | R77: 0 | S77: 46222 | T77: 46227 | U77: Not Started | V77: Not Started | W77: 0 | X77: 46235 | Y77: 46237 | Z77: Not Started | AB77: 0 | AC77: 46238 | AD77: 46244 | AE77: Not Started | AG77: 0 | AH77: 46231 | AI77: 46233 | AJ77: Blocked | AL77: 0 | AM77: 46332 | AN77: 46338 | AO77: Not Started | AP77: 0
A78: B-24-04663-CP51 | B78: 04663_51432 | C78: 1 | D78: 46190 | E78: 46195 | F78: Complete | G78: 49175500-11548771 | H78: 1 | I78: 46203 | J78: 46208 | K78: Complete | L78: Complete | M78: 1 | N78: 46203 | O78: 46208 | P78: Not Started | Q78: Not anchored | R78: 0 | S78: 46222 | T78: 46227 | U78: Not Started | V78: Not Started | W78: 0 | X78: 46235 | Y78: 46237 | Z78: Not Started | AB78: 0 | AC78: 46238 | AD78: 46244 | AE78: Not Started | AG78: 0 | AH78: 46231 | AI78: 46233 | AJ78: Blocked | AL78: 0 | AM78: 46332 | AN78: 46338 | AO78: Not Started | AP78: 0
A79: B-24-04663-CP51 | B79: 04663_51435 | C79: 1 | D79: 46190 | E79: 46195 | F79: Complete | G79: Complete | H79: 1 | I79: 46203 | J79: 46208 | K79: Complete | L79: Complete | M79: 0.9 | N79: 46203 | O79: 46208 | P79: In Progress | Q79: In Progress | R79: 0.9 | S79: 46222 | T79: 46227 | U79: In Progress | V79: In Progress | W79: 0.9 | X79: 46235 | Y79: 46237 | Z79: In Progress | AB79: 0.9 | AC79: 46238 | AD79: 46244 | AE79: In Progress | AG79: 0.9 | AH79: 46231 | AI79: 46233 | AJ79: Blocked | AL79: 0 | AM79: 46332 | AN79: 46338 | AO79: Not Started | AP79: 0
A80: B-24-04663-CP51 | B80: 04663_51440 | C80: 1 | D80: 46190 | E80: 46195 | F80: Complete | G80: 40036200-11196914 | H80: 0.95 | I80: 46203 | J80: 46208 | K80: Complete | L80: Complete | M80: 0.9 | N80: 46203 | O80: 46208 | P80: In Progress | Q80: In Progress | R80: 0.9 | S80: 46222 | T80: 46227 | U80: Not Started | V80: Not Started | W80: 0 | X80: 46235 | Y80: 46237 | Z80: In Progress | AB80: 0.8 | AC80: 46238 | AD80: 46244 | AE80: Not Started | AG80: 0.9 | AH80: 46231 | AI80: 46233 | AJ80: Blocked | AL80: 0 | AM80: 46332 | AN80: 46338 | AO80: Not Started | AP80: 0
A81: B-24-04663-CP51 | B81: 04663_51445 | C81: 1 | D81: 46190 | E81: 46195 | F81: Complete | G81: 49182200-11180686 | H81: 1 | I81: 46203 | J81: 46208 | K81: Complete | L81: Complete | M81: 1 | N81: 46203 | O81: 46208 | P81: Not Started | Q81: Not anchored | R81: 0 | S81: 46222 | T81: 46227 | U81: Not Started | V81: Not Started | W81: 0 | X81: 46235 | Y81: 46237 | Z81: Not Started | AB81: 0 | AC81: 46238 | AD81: 46244 | AE81: Not Started | AG81: 0 | AH81: 46231 | AI81: 46233 | AJ81: Blocked | AL81: 0 | AM81: 46332 | AN81: 46338 | AO81: Not Started | AP81: 0
G82: 49182200-11180684
A83: B-24-04663-CP51 | B83: 04663_51450 | C83: 1 | D83: 46190 | E83: 46195 | F83: Complete | G83: 49253230-11175582 | H83: 0.7 | I83: 46203 | J83: 46208 | K83: Complete | L83: Complete | M83: 1 | N83: 46203 | O83: 46208 | P83: Not Started | Q83: Not anchored | R83: 0 | S83: 46222 | T83: 46227 | U83: Not Started | V83: Not Started | W83: 0 | X83: 46235 | Y83: 46237 | Z83: Not Started | AB83: 0 | AC83: 46238 | AD83: 46244 | AE83: Not Started | AG83: 0 | AH83: 46231 | AI83: 46233 | AJ83: Blocked | AL83: 0 | AM83: 46332 | AN83: 46338 | AO83: Not Started | AP83: 0
G84: 49253430-11175596
A85: B-24-04663-CP51 | B85: 04663_51455 | C85: 1 | D85: 46190 | E85: 46195 | F85: Not Started | H85: 0 | I85: 46203 | J85: 46208 | K85: Not Started | M85: 0 | N85: 46203 | O85: 46208 | P85: Not Started | R85: 0 | S85: 46222 | T85: 46227 | U85: Not Started | W85: 0 | X85: 46235 | Y85: 46237 | Z85: Not Started | AB85: 0 | AC85: 46238 | AD85: 46244 | AE85: Not Started | AG85: 0 | AH85: 46231 | AI85: 46233 | AJ85: Blocked | AL85: 0 | AM85: 46332 | AN85: 46338 | AO85: Not Started | AP85: 0
A86: B-24-04663-CP51 | B86: 04663_51460 | C86: 1 | D86: 46190 | E86: 46195 | F86: Not Started | H86: 0 | I86: 46203 | J86: 46208 | K86: Not Started | M86: 0 | N86: 46203 | O86: 46208 | P86: Not Started | R86: 0 | S86: 46222 | T86: 46227 | U86: Not Started | W86: 0 | X86: 46235 | Y86: 46237 | Z86: Not Started | AB86: 0 | AC86: 46238 | AD86: 46244 | AE86: Not Started | AG86: 0 | AH86: 46231 | AI86: 46233 | AJ86: Blocked | AL86: 0 | AM86: 46332 | AN86: 46338 | AO86: Not Started | AP86: 0
A87: B-24-04663-CP51 | B87: 04663_51465 | C87: 1 | D87: 46190 | E87: 46195 | F87: Not Started | H87: 0 | I87: 46203 | J87: 46208 | K87: Not Started | M87: 0 | N87: 46203 | O87: 46208 | P87: Not Started | R87: 0 | S87: 46222 | T87: 46227 | U87: Not Started | W87: 0 | X87: 46235 | Y87: 46237 | Z87: Not Started | AB87: 0 | AC87: 46238 | AD87: 46244 | AE87: Not Started | AG87: 0 | AH87: 46231 | AI87: 46233 | AJ87: Blocked | AL87: 0 | AM87: 46332 | AN87: 46338 | AO87: Not Started | AP87: 0
A88: B-24-04663-CP51 | B88: 04663_51555 | C88: 1 | D88: 46190 | E88: 46195 | F88: Complete | G88: Complete | H88: 1 | I88: 46203 | J88: 46208 | K88: Complete | L88: Complete | M88: 1 | N88: 46203 | O88: 46208 | P88: Not Started | R88: 1 | S88: 46222 | T88: 46227 | U88: Not Started | W88: 0.8 | X88: 46235 | Y88: 46237 | Z88: Not Started | AA88: Installed but not leveled or centered | AB88: 0 | AC88: 46238 | AD88: 46244 | AE88: Not Started | AF88: Installed but not leveled or centered | AG88: 0 | AH88: 46231 | AI88: 46233 | AJ88: Blocked | AL88: 0 | AM88: 46332 | AN88: 46338 | AO88: Not Started | AP88: 0
